"도시별","지출목적별",2012,2013,2014,2015,2016,2017,2018,2019,2020,2021
"전국","0 총지수",91.815,93.010,94.196,94.861,95.783,97.645,99.086,99.466,100.00,102.50
"전국","01 식료품 및 비주류음료",85.626,86.360,86.612,88.041,90.073,93.134,95.717,95.762,100.00,105.89
"전국","01.1 식료품",85.211,85.843,86.041,87.449,89.608,92.885,95.578,95.532,100.00,106.18
"전국","01.2 비주류 음료",92.448,94.797,95.876,97.665,97.501,96.868,97.840,99.235,100.00,101.77
"전국","02 주류 및 담배",63.402,64.460,64.413,96.674,97.338,98.805,99.063,99.682,100.00,100.43
"전국","02.1 주류",85.438,89.383,89.514,90.217,92.217,96.640,97.363,99.109,100.00,101.12
"전국","02.2 담배",56.355,56.409,56.304,100.000,100.000,100.000,100.000,100.000,100.00,100.00
"전국","03 의류 및 신발",87.862,90.431,94.060,95.317,97.029,98.082,99.169,99.270,100.00,100.56
"전국","03.1 의류",87.594,90.722,94.535,95.836,97.398,98.520,99.451,99.388,100.00,100.43
"전국","03.2 신발",89.491,88.628,91.134,92.132,94.727,95.374,97.446,98.531,100.00,101.31
"전국","04 주택, 수도, 전기 및 연료",91.499,94.735,97.451,96.827,96.038,97.666,98.354,99.488,100.00,101.63
"전국","04.1 주택임차료",89.014,91.383,93.527,95.907,97.694,99.271,99.885,99.783,100.00,101.38
"전국","04.3 주거시설 유지 · 보수",77.716,80.244,82.236,84.878,86.447,90.004,94.210,97.863,100.00,104.96
"전국","04.4 수도 및 주거관련 서비스",71.649,75.452,77.902,81.003,84.826,89.108,92.832,96.326,100.00,104.56
"전국","04.5 전기, 가스 및 기타연료",119.674,124.907,129.539,117.119,104.299,103.027,100.249,101.949,100.00,98.63
"전국","05 가정용품 및 가사 서비스",88.743,88.980,90.872,93.225,94.673,95.712,97.875,99.967,100.00,101.87
"전국","05.1 가구, 가사비품 및 카페트",80.386,79.330,80.144,81.777,86.025,88.818,93.737,99.629,100.00,104.57
"전국","05.2 가정용 섬유제품",93.807,94.162,93.290,92.910,93.857,94.751,95.634,97.162,100.00,101.04
"전국","05.3 가정용 기기",91.286,92.151,95.702,99.124,100.714,100.589,101.016,101.582,100.00,99.82
"전국","05.4 주방용품 및 가정용품",89.410,90.324,92.141,96.754,97.397,97.510,98.806,99.035,100.00,100.44
"전국","05.5 가정 · 정원용 공구 및 장비",94.705,98.866,100.015,98.599,98.796,99.875,100.620,99.541,100.00,105.38
"전국","05.6 일상 생활용품 및 가사 서비스",89.260,88.697,90.354,92.609,91.860,93.106,96.519,99.117,100.00,103.20
"전국","06 보건",94.106,94.443,95.108,96.298,97.247,98.109,98.058,98.516,100.00,99.92
"전국","06.1 의료용품 및 장비",96.732,97.191,98.142,99.428,99.397,98.844,97.954,98.797,100.00,98.42
"전국","06.2 외래환자 서비스",91.450,91.244,91.499,92.646,94.159,95.885,97.177,97.888,100.00,101.56
"전국","06.3 병원 서비스",95.923,97.638,98.958,100.046,101.746,103.546,101.311,99.859,100.00,99.38
"전국","07 교통",110.852,110.267,108.496,99.990,97.775,101.277,103.727,101.867,100.00,106.33
"전국","07.1 운송장비",100.082,101.271,101.082,100.106,100.404,101.271,100.082,98.841,100.00,101.62
"전국","07.2 개인운송장비 운영",131.377,128.152,123.568,104.990,98.830,105.116,110.720,105.940,100.00,111.10
"전국","07.3 운송 서비스",84.066,86.522,88.222,90.772,93.449,94.384,95.191,97.896,100.00,101.58
"전국","08 통신",105.419,105.282,105.217,105.017,105.105,105.410,104.507,102.112,100.00,99.10
"전국","08.1 우편서비스",74.340,77.611,82.190,82.190,82.190,87.785,89.644,96.548,100.00,103.33
"전국","08.2 전화 및 팩스장비",108.950,105.685,102.270,96.926,97.199,98.760,99.769,99.113,100.00,92.71
"전국","08.3 전화 및 팩스 서비스",106.877,106.877,106.961,106.999,107.053,107.100,105.717,102.870,100.00,100.97
"전국","09 오락 및 문화",97.964,98.968,99.392,98.906,100.729,100.781,101.272,101.023,100.00,100.43
"전국","09.1 음향, 영상, 사진 및 정보처리 장비",132.024,127.320,119.539,115.043,115.163,112.613,106.765,102.794,100.00,98.44
"전국","09.2 기타 오락 및 문화용 주요 내구재",100.919,101.356,99.623,98.831,98.445,100.747,102.304,102.056,100.00,100.80
"전국","09.3 기타 오락용품, 조경용품 및 애완동물",91.148,92.320,93.981,95.140,98.513,98.616,99.004,97.666,100.00,99.75
"전국","09.4 오락 및 문화 서비스",89.969,90.902,92.451,93.360,94.991,95.934,97.628,99.156,100.00,101.32
"전국","09.5 신문, 서적 및 문방구",88.294,90.600,93.111,95.964,96.520,97.920,98.954,100.550,100.00,100.58
"전국","09.6 단체여행",108.837,111.978,111.778,105.238,107.872,106.207,106.969,105.208,100.00,101.49
"전국","10 교육",93.406,94.504,95.893,97.540,99.135,100.272,101.645,102.178,100.00,100.87
"전국","10.1 유치원 및 초등교육",119.659,92.576,92.079,99.184,101.900,102.998,104.913,104.762,100.00,92.25
"전국","10.3 고등교육",103.036,101.893,101.602,101.534,101.553,101.522,101.226,100.956,100.00,99.88
"전국","10.4 기타교육",84.412,87.500,89.455,91.302,93.293,94.749,96.639,98.487,100.00,101.48
"전국","11 음식 및 숙박",85.342,86.666,87.923,89.974,92.232,94.441,97.292,99.061,100.00,102.73
"전국","11.1 음식 서비스",85.402,86.709,87.958,90.014,92.302,94.530,97.410,99.223,100.00,102.81
"전국","11.2 숙박 서비스",83.844,85.954,87.633,89.350,90.681,92.407,94.475,95.320,100.00,100.46
"전국","12 기타 상품 및 서비스",84.908,85.302,87.932,90.271,93.378,95.967,96.533,98.082,100.00,102.00
"전국","12.1 미용용품 및 미용 서비스",89.844,92.119,95.401,97.265,97.457,97.051,97.675,98.839,100.00,101.14
"전국","12.3 기타 개인용품",76.972,81.195,85.609,92.175,94.302,96.298,97.431,99.505,100.00,99.34
"전국","12.4~7 기타서비스",83.878,78.538,79.098,80.354,87.565,94.248,94.519,96.453,100.00,103.81
"서울특별시","0 총지수",90.605,91.869,93.300,94.470,95.585,97.494,98.799,99.382,100.00,102.10
"서울특별시","01 식료품 및 비주류음료",85.688,85.903,86.106,88.038,89.857,93.614,95.878,95.330,100.00,105.39
"서울특별시","01.1 식료품",85.236,85.327,85.464,87.366,89.271,93.367,95.756,95.023,100.00,105.60
"서울특별시","01.2 비주류 음료",93.074,95.173,96.402,98.779,99.202,97.287,97.644,99.925,100.00,102.51
"서울특별시","02 주류 및 담배",64.176,65.183,64.989,96.145,97.095,98.483,98.722,99.493,100.00,100.67
"서울특별시","02.1 주류",85.325,88.739,88.312,89.118,91.842,95.829,96.483,98.605,100.00,101.61
"서울특별시","02.2 담배",56.346,56.400,56.295,100.000,100.000,100.000,100.000,100.000,100.00,100.00
"서울특별시","03 의류 및 신발",87.294,89.771,93.402,94.916,96.573,97.476,98.508,99.076,100.00,100.66
"서울특별시","03.1 의류",87.015,89.998,93.809,95.371,96.869,97.822,98.685,99.162,100.00,100.55
"서울특별시","03.2 신발",88.614,88.247,90.877,92.117,94.711,95.286,97.380,98.512,100.00,101.30
"서울특별시","04 주택, 수도, 전기 및 연료",89.037,92.441,95.463,95.737,95.486,97.528,98.215,99.355,100.00,101.48
"서울특별시","04.1 주택임차료",85.828,88.279,90.754,93.574,95.904,97.917,98.935,99.258,100.00,101.61
"서울특별시","04.3 주거시설 유지 · 보수",78.508,80.756,82.024,85.289,83.813,88.580,92.239,97.134,100.00,104.66
"서울특별시","04.4 수도 및 주거관련 서비스",73.858,79.682,82.879,84.526,86.265,91.452,94.307,97.826,100.00,104.35
"서울특별시","04.5 전기, 가스 및 기타연료",119.491,125.745,131.584,118.639,104.423,103.297,99.717,101.761,100.00,97.06
"서울특별시","05 가정용품 및 가사 서비스",88.347,88.323,89.479,91.507,92.995,94.070,97.105,99.793,100.00,101.75
"서울특별시","05.1 가구, 가사비품 및 카페트",80.396,79.523,80.338,81.840,86.037,88.867,93.780,99.634,100.00,104.56
"서울특별시","05.2 가정용 섬유제품",94.042,94.350,93.402,93.034,94.043,94.878,95.724,97.079,100.00,101.06
"서울특별시","05.3 가정용 기기",91.475,91.964,95.786,99.197,100.751,100.686,100.984,101.527,100.00,99.76
"서울특별시","05.4 주방용품 및 가정용품",89.324,89.668,91.091,96.681,98.046,97.994,98.689,98.825,100.00,100.38
"서울특별시","05.5 가정 · 정원용 공구 및 장비",93.695,97.504,98.606,97.666,98.039,99.388,100.253,99.307,100.00,106.22
"서울특별시","05.6 일상 생활용품 및 가사 서비스",86.746,86.072,85.445,86.574,86.525,87.677,94.134,98.714,100.00,102.49
"서울특별시","06 보건",93.785,94.313,94.945,95.959,96.900,97.786,97.844,98.453,100.00,99.78
"서울특별시","06.1 의료용품 및 장비",96.158,97.313,98.406,99.214,99.116,98.552,97.805,98.697,100.00,97.86
"서울특별시","06.2 외래환자 서비스",91.093,90.902,91.056,92.158,93.655,95.438,96.831,97.852,100.00,101.54
"서울특별시","06.3 병원 서비스",96.277,97.838,99.057,100.181,101.856,103.386,101.210,99.790,100.00,99.34
"서울특별시","07 교통",104.921,104.687,103.445,98.352,97.919,100.507,102.201,101.522,100.00,104.64
"서울특별시","07.1 운송장비",99.939,101.115,100.985,100.121,100.389,101.245,100.076,98.851,100.00,101.63
"서울특별시","07.2 개인운송장비 운영",128.280,125.423,121.376,104.134,98.962,104.842,109.662,105.657,100.00,109.52
"서울특별시","07.3 운송 서비스",85.546,87.089,87.918,92.086,95.882,96.163,96.854,99.498,100.00,100.99
"서울특별시","08 통신",105.181,105.095,105.096,104.999,105.091,105.429,104.518,102.123,100.00,99.19
"서울특별시","08.1 우편서비스",74.340,77.611,82.190,82.190,82.190,87.785,89.644,96.548,100.00,103.33
"서울특별시","08.2 전화 및 팩스장비",109.305,105.783,102.258,96.926,97.199,98.760,99.769,99.113,100.00,92.71
"서울특별시","08.3 전화 및 팩스 서비스",106.854,106.854,106.938,106.979,107.036,107.091,105.709,102.861,100.00,100.96
"서울특별시","09 오락 및 문화",99.031,100.041,100.362,99.421,101.361,101.441,101.840,101.382,100.00,100.42
"서울특별시","09.1 음향, 영상, 사진 및 정보처리 장비",129.471,125.465,118.822,114.977,114.843,112.048,106.464,102.743,100.00,98.30
"서울특별시","09.2 기타 오락 및 문화용 주요 내구재",96.162,99.676,98.352,97.871,97.654,100.090,101.571,101.860,100.00,101.37
"서울특별시","09.3 기타 오락용품, 조경용품 및 애완동물",92.510,92.795,94.415,94.995,98.924,99.400,100.142,98.026,100.00,99.77
"서울특별시","09.4 오락 및 문화 서비스",90.556,91.392,92.733,93.580,95.304,96.400,97.721,99.098,100.00,101.40
"서울특별시","09.5 신문, 서적 및 문방구",87.818,90.162,92.850,95.680,96.269,97.727,98.854,100.726,100.00,100.35
"서울특별시","09.6 단체여행",108.640,111.867,111.705,105.228,107.858,106.196,106.957,105.198,100.00,101.52
"서울특별시","10 교육",92.197,93.028,94.891,96.884,98.509,99.842,101.295,101.923,100.00,101.09
"서울특별시","10.1 유치원 및 초등교육",111.714,89.935,89.096,95.597,97.956,98.310,100.010,102.145,100.00,97.28
"서울특별시","10.3 고등교육",102.422,101.266,101.076,101.089,101.120,101.070,100.795,100.549,100.00,99.73
"서울특별시","10.4 기타교육",82.530,85.376,87.990,90.213,92.263,93.984,96.063,97.806,100.00,101.58
"서울특별시","11 음식 및 숙박",84.717,85.790,86.834,89.255,91.690,93.944,96.969,99.064,100.00,102.73
"서울특별시","11.1 음식 서비스",84.725,85.781,86.827,89.258,91.724,93.998,97.070,99.216,100.00,102.82
"서울특별시","11.2 숙박 서비스",84.755,86.825,87.762,89.653,90.938,92.673,94.522,95.397,100.00,100.48
"서울특별시","12 기타 상품 및 서비스",85.615,85.782,89.024,91.123,94.056,96.333,96.615,98.159,100.00,101.64
"서울특별시","12.1 미용용품 및 미용 서비스",91.831,94.043,98.172,99.477,99.367,98.133,98.146,99.051,100.00,100.73
"서울특별시","12.3 기타 개인용품",76.014,80.319,85.038,92.065,94.114,96.215,97.311,99.402,100.00,99.17
"서울특별시","12.4~7 기타서비스",84.343,77.172,77.699,78.801,86.397,93.753,94.072,96.330,100.00,103.68
"부산광역시","0 총지수",91.502,92.852,94.019,94.807,95.929,97.639,99.343,99.824,100.00,102.46
"부산광역시","01 식료품 및 비주류음료",86.624,88.064,87.745,89.090,91.141,93.511,96.718,96.993,100.00,105.91
"부산광역시","01.1 식료품",86.308,87.664,87.247,88.556,90.778,93.310,96.591,96.805,100.00,106.22
"부산광역시","01.2 비주류 음료",92.668,95.393,96.610,98.499,97.259,96.605,98.652,99.822,100.00,101.18
"부산광역시","02 주류 및 담배",63.001,64.177,64.071,97.920,98.296,99.867,99.944,100.178,100.00,100.70
"부산광역시","02.1 주류",87.115,92.201,92.094,92.488,93.855,99.555,99.818,100.612,100.00,102.19
"부산광역시","02.2 담배",56.384,56.439,56.330,100.000,100.000,100.000,100.000,100.000,100.00,100.00
"부산광역시","03 의류 및 신발",87.908,90.442,94.102,95.295,96.845,98.159,99.414,99.314,100.00,100.57
"부산광역시","03.1 의류",87.693,90.866,94.700,95.872,97.271,98.686,99.787,99.470,100.00,100.43
"부산광역시","03.2 신발",89.460,88.180,90.820,92.130,94.624,95.327,97.386,98.477,100.00,101.33
"부산광역시","04 주택, 수도, 전기 및 연료",93.361,96.973,99.062,96.979,96.029,97.294,98.364,99.660,100.00,100.97
"부산광역시","04.1 주택임차료",93.777,95.999,97.126,98.120,99.193,100.272,100.607,100.129,100.00,100.87
"부산광역시","04.3 주거시설 유지 · 보수",73.763,79.478,82.009,84.434,88.484,90.933,95.952,99.925,100.00,103.10
"부산광역시","04.4 수도 및 주거관련 서비스",74.244,77.886,78.623,80.161,83.975,88.265,93.410,96.803,100.00,103.05
"부산광역시","04.5 전기, 가스 및 기타연료",118.721,124.261,129.128,117.238,105.505,103.266,100.142,101.810,100.00,98.17
"부산광역시","05 가정용품 및 가사 서비스",89.129,89.333,91.052,93.823,95.067,96.500,97.977,100.019,100.00,102.04
"부산광역시","05.1 가구, 가사비품 및 카페트",80.556,79.458,80.052,81.756,86.017,88.800,93.707,99.664,100.00,104.52
"부산광역시","05.2 가정용 섬유제품",93.656,93.955,92.922,92.723,93.811,94.837,95.273,97.044,100.00,100.92
"부산광역시","05.3 가정용 기기",90.144,91.160,95.945,99.198,100.732,100.532,100.970,101.535,100.00,99.89
"부산광역시","05.4 주방용품 및 가정용품",88.561,89.308,91.312,96.327,96.793,96.834,98.426,99.217,100.00,100.27
"부산광역시","05.5 가정 · 정원용 공구 및 장비",92.588,97.968,98.845,97.548,98.411,99.587,100.330,99.510,100.00,107.21
"부산광역시","05.6 일상 생활용품 및 가사 서비스",94.214,93.038,92.369,96.759,94.293,97.339,97.513,99.437,100.00,103.55
"부산광역시","06 보건",94.391,94.628,95.248,96.372,97.547,98.538,98.259,98.599,100.00,99.75
"부산광역시","06.1 의료용품 및 장비",96.470,96.973,97.529,99.254,99.430,99.095,97.956,98.772,100.00,98.05
"부산광역시","06.2 외래환자 서비스",91.355,91.116,91.665,92.505,94.423,96.285,97.559,98.087,100.00,101.58
"부산광역시","06.3 병원 서비스",97.469,98.499,99.423,100.160,101.753,103.823,101.074,99.667,100.00,99.36
"부산광역시","07 교통",108.239,108.097,107.918,100.108,97.248,100.964,104.091,102.114,100.00,106.01
"부산광역시","07.1 운송장비",100.003,101.264,101.125,100.133,100.430,101.330,100.135,98.869,100.00,101.61
"부산광역시","07.2 개인운송장비 운영",128.887,125.683,121.208,103.582,97.731,103.817,110.133,105.663,100.00,111.03
"부산광역시","07.3 운송 서비스",87.626,90.331,95.200,95.296,95.244,96.875,98.873,99.718,100.00,101.70
"부산광역시","08 통신",105.597,105.434,105.324,105.060,105.146,105.425,104.517,102.118,100.00,99.18
"부산광역시","08.1 우편서비스",74.340,77.611,82.190,82.190,82.190,87.785,89.644,96.548,100.00,103.33
"부산광역시","08.2 전화 및 팩스장비",108.695,105.669,102.263,96.926,97.199,98.760,99.769,99.113,100.00,92.71
"부산광역시","08.3 전화 및 팩스 서비스",106.872,106.872,106.956,106.994,107.051,107.106,105.722,102.867,100.00,100.97
"부산광역시","09 오락 및 문화",97.638,98.880,99.194,98.960,100.611,100.648,101.235,101.088,100.00,100.52
"부산광역시","09.1 음향, 영상, 사진 및 정보처리 장비",134.694,131.758,122.798,116.868,116.787,113.760,107.223,102.941,100.00,98.47
"부산광역시","09.2 기타 오락 및 문화용 주요 내구재",102.123,101.916,100.052,99.364,99.658,102.195,103.599,103.068,100.00,100.77
"부산광역시","09.3 기타 오락용품, 조경용품 및 애완동물",91.189,93.059,94.007,95.160,98.486,97.876,98.238,97.385,100.00,100.29
"부산광역시","09.4 오락 및 문화 서비스",88.972,90.107,91.945,93.144,94.436,95.698,97.496,99.093,100.00,101.06
"부산광역시","09.5 신문, 서적 및 문방구",87.931,90.289,92.674,95.622,96.134,97.633,98.653,100.449,100.00,100.65
"부산광역시","09.6 단체여행",109.375,112.267,111.956,105.228,107.858,106.196,106.957,105.198,100.00,101.50
"부산광역시","10 교육",92.692,93.725,95.620,97.690,100.014,100.886,102.278,103.662,100.00,101.86
"부산광역시","10.1 유치원 및 초등교육",105.634,83.699,85.208,95.694,99.370,101.791,104.745,105.724,100.00,88.29
"부산광역시","10.3 고등교육",103.274,102.197,101.902,101.831,101.839,101.841,101.544,101.363,100.00,100.14
"부산광역시","10.4 기타교육",82.939,85.766,88.176,90.224,93.240,94.315,96.104,98.963,100.00,103.34
"부산광역시","11 음식 및 숙박",85.092,86.082,87.511,89.334,92.531,94.428,97.654,99.467,100.00,103.01
"부산광역시","11.1 음식 서비스",85.107,86.076,87.508,89.337,92.578,94.478,97.731,99.570,100.00,103.12
"부산광역시","11.2 숙박 서비스",84.324,86.566,87.895,89.428,90.763,92.370,94.633,95.403,100.00,98.21
"부산광역시","12 기타 상품 및 서비스",83.519,85.366,88.333,91.317,93.815,96.535,96.961,98.267,100.00,101.73
"부산광역시","12.1 미용용품 및 미용 서비스",89.052,91.785,95.265,98.252,97.484,97.360,97.605,99.007,100.00,100.81
"부산광역시","12.3 기타 개인용품",76.221,80.527,84.816,91.384,94.173,96.241,97.391,99.506,100.00,99.35
"부산광역시","12.4~7 기타서비스",81.900,79.571,80.417,81.303,88.259,95.160,95.623,96.433,100.00,103.96
"대구광역시","0 총지수",90.939,92.442,93.769,94.464,95.412,97.358,99.047,99.710,100.00,102.64
"대구광역시","01 식료품 및 비주류음료",84.829,85.478,86.756,87.940,90.595,93.475,96.809,96.806,100.00,106.01
"대구광역시","01.1 식료품",84.382,84.860,86.143,87.343,90.162,93.288,96.886,96.896,100.00,106.36
"대구광역시","01.2 비주류 음료",91.478,94.266,95.455,96.429,96.685,95.939,95.766,95.588,100.00,101.37
"대구광역시","02 주류 및 담배",61.827,62.397,62.433,97.178,97.959,99.403,99.404,99.740,100.00,99.93
"대구광역시","02.1 주류",86.083,88.736,89.362,89.843,92.670,97.871,97.878,99.066,100.00,99.78
"대구광역시","02.2 담배",56.385,56.440,56.334,100.000,100.000,100.000,100.000,100.000,100.00,100.00
"대구광역시","03 의류 및 신발",86.836,89.376,93.206,94.571,96.239,97.211,98.280,99.024,100.00,100.49
"대구광역시","03.1 의류",86.429,89.598,93.599,95.002,96.513,97.531,98.432,99.116,100.00,100.36
"대구광역시","03.2 신발",89.356,88.078,90.875,92.015,94.664,95.349,97.410,98.514,100.00,101.34
"대구광역시","04 주택, 수도, 전기 및 연료",92.067,95.574,98.489,97.881,96.488,97.077,97.806,99.345,100.00,101.18
"대구광역시","04.1 주택임차료",90.066,93.426,95.756,97.941,99.159,99.593,99.784,99.670,100.00,101.33
"대구광역시","04.3 주거시설 유지 · 보수",75.492,78.016,81.860,83.332,87.029,90.407,93.342,97.438,100.00,102.61
"대구광역시","04.4 수도 및 주거관련 서비스",70.901,72.968,74.937,80.164,84.135,86.803,91.858,96.278,100.00,103.83
"대구광역시","04.5 전기, 가스 및 기타연료",119.548,124.901,129.536,117.821,104.917,103.108,100.381,102.002,100.00,97.83
"대구광역시","05 가정용품 및 가사 서비스",87.630,88.652,90.828,94.037,95.366,96.038,97.769,99.945,100.00,101.90
"대구광역시","05.1 가구, 가사비품 및 카페트",79.312,78.727,79.982,81.594,85.831,88.726,93.639,99.602,100.00,104.64
"대구광역시","05.2 가정용 섬유제품",92.363,92.848,92.645,92.686,93.733,94.781,95.656,97.194,100.00,101.12
"대구광역시","05.3 가정용 기기",90.323,91.382,95.205,99.354,100.816,100.527,100.998,101.548,100.00,99.89
"대구광역시","05.4 주방용품 및 가정용품",93.763,93.422,94.615,99.106,99.163,97.834,98.215,99.529,100.00,101.04
"대구광역시","05.5 가정 · 정원용 공구 및 장비",93.951,100.194,101.218,99.232,98.249,99.179,99.863,98.975,100.00,105.04
"대구광역시","05.6 일상 생활용품 및 가사 서비스",86.661,88.690,90.617,95.267,94.437,95.047,96.736,98.993,100.00,102.34
"대구광역시","06 보건",93.481,93.700,94.373,95.870,96.970,97.648,97.838,98.316,100.00,100.10
"대구광역시","06.1 의료용품 및 장비",98.303,97.638,98.707,100.185,100.426,99.633,98.479,98.894,100.00,98.52
"대구광역시","06.2 외래환자 서비스",90.665,90.449,90.432,92.035,93.691,95.262,96.791,97.651,100.00,101.96
"대구광역시","06.3 병원 서비스",94.368,97.108,98.763,100.088,101.771,103.587,101.416,99.901,100.00,99.51
"대구광역시","07 교통",116.244,115.179,112.506,101.435,97.575,103.106,106.501,103.697,100.00,107.26
"대구광역시","07.1 운송장비",99.745,100.983,100.908,100.061,100.412,101.276,100.057,98.834,100.00,101.57
"대구광역시","07.2 개인운송장비 운영",133.930,130.343,125.616,106.464,99.613,106.057,111.693,106.421,100.00,112.34
"대구광역시","07.3 운송 서비스",87.000,89.792,90.004,90.324,90.456,97.196,97.813,99.911,100.00,100.83
"대구광역시","08 통신",105.472,105.282,105.161,104.892,104.980,105.281,104.414,102.060,100.00,98.99
"대구광역시","08.1 우편서비스",74.340,77.611,82.190,82.190,82.190,87.785,89.644,96.548,100.00,103.33
"대구광역시","08.2 전화 및 팩스장비",109.371,105.854,102.297,96.926,97.199,98.760,99.769,99.113,100.00,92.71
"대구광역시","08.3 전화 및 팩스 서비스",106.875,106.875,106.959,106.997,107.054,107.109,105.724,102.869,100.00,100.97
"대구광역시","09 오락 및 문화",96.676,97.809,98.279,98.082,100.105,100.557,101.155,101.036,100.00,100.86
"대구광역시","09.1 음향, 영상, 사진 및 정보처리 장비",133.073,129.100,119.880,114.541,114.838,112.262,106.560,102.784,100.00,98.55
"대구광역시","09.2 기타 오락 및 문화용 주요 내구재",104.115,105.938,102.873,100.251,97.434,100.023,102.056,102.140,100.00,100.55
"대구광역시","09.3 기타 오락용품, 조경용품 및 애완동물",90.761,91.707,93.353,94.603,98.425,99.097,98.829,97.837,100.00,101.04
"대구광역시","09.4 오락 및 문화 서비스",88.907,89.814,91.298,92.290,94.137,95.596,97.660,99.109,100.00,101.67
"대구광역시","09.5 신문, 서적 및 문방구",86.899,89.420,92.036,94.853,95.695,97.210,98.552,100.420,100.00,100.46
"대구광역시","09.6 단체여행",109.107,112.119,111.861,105.227,107.853,106.199,106.957,105.197,100.00,101.55
"대구광역시","10 교육",92.534,94.959,95.917,96.884,98.692,100.471,101.612,102.482,100.00,101.70
"대구광역시","10.1 유치원 및 초등교육",109.285,82.386,85.953,90.989,93.645,95.689,97.794,99.712,100.00,97.42
"대구광역시","10.3 고등교육",103.804,102.681,102.327,102.249,102.190,102.168,101.849,101.512,100.00,99.99
"대구광역시","10.4 기타교육",82.854,87.287,88.522,89.653,92.167,94.648,96.312,98.488,100.00,102.33
"대구광역시","11 음식 및 숙박",82.481,84.673,86.058,87.920,90.686,92.939,95.866,98.990,100.00,102.58
"대구광역시","11.1 음식 서비스",82.435,84.624,86.022,87.880,90.677,92.939,95.903,99.131,100.00,102.62
"대구광역시","11.2 숙박 서비스",85.432,87.354,87.779,89.879,91.172,92.953,94.964,95.604,100.00,101.54
"대구광역시","12 기타 상품 및 서비스",82.640,84.210,87.267,90.240,93.046,95.574,96.430,98.043,100.00,102.20
"대구광역시","12.1 미용용품 및 미용 서비스",86.615,89.121,92.987,95.922,96.334,96.345,97.475,98.756,100.00,101.79
"대구광역시","12.3 기타 개인용품",76.653,81.016,85.420,92.114,94.393,96.517,97.635,99.751,100.00,99.06
"대구광역시","12.4~7 기타서비스",81.666,78.741,78.766,79.694,86.854,93.889,94.170,96.171,100.00,103.76
"인천광역시","0 총지수",91.542,92.533,93.832,94.760,95.571,97.383,98.960,99.222,100.00,102.62
"인천광역시","01 식료품 및 비주류음료",85.696,86.812,86.704,87.909,89.636,92.380,95.678,95.909,100.00,106.26
"인천광역시","01.1 식료품",85.301,86.368,86.187,87.368,89.166,92.060,95.541,95.697,100.00,106.43
"인천광역시","01.2 비주류 음료",92.306,94.223,95.238,96.894,97.313,97.345,97.840,99.187,100.00,103.89
"인천광역시","02 주류 및 담배",63.042,63.960,63.865,97.344,97.875,99.047,99.347,100.058,100.00,100.65
"인천광역시","02.1 주류",87.059,90.885,90.831,91.364,93.080,96.853,97.848,100.199,100.00,101.80
"인천광역시","02.2 담배",56.385,56.440,56.331,100.000,100.000,100.000,100.000,100.000,100.00,100.00
"인천광역시","03 의류 및 신발",88.934,91.332,94.817,95.995,97.730,98.876,99.927,99.382,100.00,100.48
"인천광역시","03.1 의류",88.654,91.758,95.427,96.688,98.264,99.482,100.362,99.529,100.00,100.32
"인천광역시","03.2 신발",90.325,88.809,91.283,92.009,94.561,95.309,97.415,98.507,100.00,101.39
"인천광역시","04 주택, 수도, 전기 및 연료",91.141,94.113,97.345,96.656,95.736,96.900,97.721,99.072,100.00,101.56
"인천광역시","04.1 주택임차료",87.791,89.072,91.300,94.264,96.230,98.009,99.211,99.562,100.00,101.49
"인천광역시","04.3 주거시설 유지 · 보수",75.947,77.977,79.513,83.249,85.176,88.464,94.492,96.476,100.00,105.57
"인천광역시","04.4 수도 및 주거관련 서비스",72.983,76.908,80.126,83.459,88.262,89.914,92.888,95.768,100.00,104.42
"인천광역시","04.5 전기, 가스 및 기타연료",119.279,125.592,131.532,118.466,104.747,103.484,99.819,101.818,100.00,97.20
"인천광역시","05 가정용품 및 가사 서비스",88.312,88.234,90.511,92.843,94.240,94.963,97.418,99.698,100.00,102.12
"인천광역시","05.1 가구, 가사비품 및 카페트",80.748,79.414,79.978,81.778,86.028,88.858,93.760,99.622,100.00,104.49
"인천광역시","05.2 가정용 섬유제품",94.249,94.564,93.445,93.041,93.666,94.704,95.652,97.094,100.00,100.94
"인천광역시","05.3 가정용 기기",91.019,92.368,95.241,98.405,100.162,100.436,100.981,101.568,100.00,99.92
"인천광역시","05.4 주방용품 및 가정용품",86.009,87.078,89.361,94.663,94.857,94.886,95.876,98.506,100.00,100.04
"인천광역시","05.5 가정 · 정원용 공구 및 장비",92.831,99.694,101.009,98.611,99.174,100.576,101.390,100.049,100.00,105.74
"인천광역시","05.6 일상 생활용품 및 가사 서비스",89.693,86.860,90.916,92.657,91.647,90.938,95.560,98.242,100.00,103.95
"인천광역시","06 보건",94.737,94.695,95.429,96.585,97.362,98.073,97.715,98.346,100.00,100.23
"인천광역시","06.1 의료용품 및 장비",95.171,95.862,97.252,98.815,98.712,98.132,97.194,98.670,100.00,99.04
"인천광역시","06.2 외래환자 서비스",93.496,92.330,92.489,93.606,94.842,96.146,96.884,97.512,100.00,101.74
"인천광역시","06.3 병원 서비스",96.932,98.637,99.509,99.737,101.283,103.284,101.272,99.873,100.00,99.31
"인천광역시","07 교통",109.196,108.928,107.489,100.192,98.144,101.614,103.710,101.687,100.00,106.60
"인천광역시","07.1 운송장비",100.176,101.381,101.157,100.146,100.450,101.297,100.112,98.857,100.00,101.57
"인천광역시","07.2 개인운송장비 운영",129.960,127.047,122.678,104.575,98.315,104.912,110.816,105.603,100.00,112.37
"인천광역시","07.3 운송 서비스",84.067,86.505,88.352,92.040,95.173,95.902,96.578,99.268,100.00,101.94
"인천광역시","08 통신",105.340,105.197,105.116,104.908,104.998,105.334,104.453,102.075,100.00,98.95
"인천광역시","08.1 우편서비스",74.340,77.611,82.190,82.190,82.190,87.785,89.644,96.548,100.00,103.33
"인천광역시","08.2 전화 및 팩스장비",108.954,105.576,102.264,96.926,97.199,98.760,99.769,99.113,100.00,92.71
"인천광역시","08.3 전화 및 팩스 서비스",106.922,106.922,106.990,107.022,107.076,107.123,105.737,102.873,100.00,100.97
"인천광역시","09 오락 및 문화",98.375,99.181,99.728,98.869,100.748,100.358,100.945,100.682,100.00,100.04
"인천광역시","09.1 음향, 영상, 사진 및 정보처리 장비",133.458,127.668,119.174,113.937,114.049,111.693,106.339,102.614,100.00,98.57
"인천광역시","09.2 기타 오락 및 문화용 주요 내구재",101.845,102.765,101.351,101.656,102.159,103.190,103.002,102.591,100.00,100.66
"인천광역시","09.3 기타 오락용품, 조경용품 및 애완동물",89.020,89.760,92.816,94.016,97.448,97.330,97.987,97.251,100.00,99.22
"인천광역시","09.4 오락 및 문화 서비스",91.551,92.774,94.316,94.582,96.251,95.837,97.587,99.115,100.00,100.73
"인천광역시","09.5 신문, 서적 및 문방구",89.078,91.038,93.864,96.713,97.354,98.869,99.790,100.034,100.00,100.62
"인천광역시","09.6 단체여행",108.870,111.990,111.781,105.227,107.841,106.208,106.972,105.210,100.00,101.55
"인천광역시","10 교육",95.477,95.344,96.598,98.182,99.736,100.490,101.375,100.846,100.00,101.32
"인천광역시","10.1 유치원 및 초등교육",158.201,119.135,118.334,124.475,122.841,123.676,125.629,109.888,100.00,87.59
"인천광역시","10.3 고등교육",102.486,101.280,101.078,101.080,101.112,101.062,100.796,100.543,100.00,99.73
"인천광역시","10.4 기타교육",85.694,88.120,90.059,92.015,94.238,95.241,96.434,97.292,100.00,102.59
"인천광역시","11 음식 및 숙박",83.579,85.189,86.791,88.809,90.506,93.242,97.008,98.604,100.00,102.36
"인천광역시","11.1 음식 서비스",83.553,85.150,86.759,88.782,90.486,93.251,97.057,98.673,100.00,102.43
"인천광역시","11.2 숙박 서비스",84.528,86.585,88.068,89.870,91.304,92.900,95.018,95.784,100.00,100.40
"인천광역시","12 기타 상품 및 서비스",84.625,83.273,86.146,89.420,92.967,96.160,96.074,98.066,100.00,102.15
"인천광역시","12.1 미용용품 및 미용 서비스",87.779,89.365,92.880,95.721,96.428,96.639,96.934,99.049,100.00,101.22
"인천광역시","12.3 기타 개인용품",77.390,81.548,85.700,92.213,94.310,96.357,97.478,99.481,100.00,99.38
"인천광역시","12.4~7 기타서비스",85.720,77.188,78.585,81.323,88.510,95.398,94.258,96.068,100.00,103.96
"광주광역시","0 총지수",92.347,93.540,95.041,95.306,96.180,98.191,99.345,99.564,100.00,102.57
"광주광역시","01 식료품 및 비주류음료",86.210,86.507,87.519,89.142,91.222,94.751,95.732,95.870,100.00,106.33
"광주광역시","01.1 식료품",85.880,86.039,87.055,88.714,90.956,94.636,95.638,95.680,100.00,106.69
"광주광역시","01.2 비주류 음료",92.107,94.733,95.618,96.706,95.752,96.453,97.199,98.752,100.00,101.42
"광주광역시","02 주류 및 담배",62.125,63.046,63.047,97.119,97.411,99.522,99.899,100.112,100.00,100.05
"광주광역시","02.1 주류",86.820,91.034,91.443,91.207,92.123,98.693,99.724,100.306,100.00,100.16
"광주광역시","02.2 담배",56.355,56.409,56.304,100.000,100.000,100.000,100.000,100.000,100.00,100.00
"광주광역시","03 의류 및 신발",86.879,89.500,93.187,94.222,96.036,97.038,98.159,98.824,100.00,100.51
"광주광역시","03.1 의류",86.464,89.701,93.526,94.578,96.251,97.300,98.261,98.867,100.00,100.37
"광주광역시","03.2 신발",89.634,88.275,91.067,91.999,94.674,95.410,97.482,98.548,100.00,101.25
"광주광역시","04 주택, 수도, 전기 및 연료",93.014,96.829,99.502,97.797,96.009,97.276,97.703,99.257,100.00,100.91
"광주광역시","04.1 주택임차료",91.752,95.004,96.326,97.513,98.114,98.767,99.376,99.669,100.00,100.82
"광주광역시","04.3 주거시설 유지 · 보수",78.268,81.690,83.647,84.678,85.711,91.244,96.100,99.335,100.00,105.87
"광주광역시","04.4 수도 및 주거관련 서비스",69.998,72.830,75.418,80.069,85.501,89.321,92.537,95.431,100.00,103.86
"광주광역시","04.5 전기, 가스 및 기타연료",119.615,125.293,130.400,117.825,104.827,103.369,100.040,101.877,100.00,97.18
"광주광역시","05 가정용품 및 가사 서비스",89.962,89.660,92.175,93.845,95.657,96.484,98.340,100.189,100.00,101.98
"광주광역시","05.1 가구, 가사비품 및 카페트",79.966,78.964,79.634,81.649,85.892,88.720,93.642,99.591,100.00,104.61
"광주광역시","05.2 가정용 섬유제품",93.162,93.554,92.563,92.350,93.287,93.986,95.393,96.927,100.00,100.96
"광주광역시","05.3 가정용 기기",91.676,92.212,95.302,99.649,101.069,100.711,101.043,101.550,100.00,99.76
"광주광역시","05.4 주방용품 및 가정용품",89.333,90.196,90.512,94.728,95.195,95.539,98.760,98.252,100.00,100.61
"광주광역시","05.5 가정 · 정원용 공구 및 장비",100.497,102.913,103.161,101.537,101.611,102.504,103.686,102.471,100.00,105.71
"광주광역시","05.6 일상 생활용품 및 가사 서비스",93.178,90.751,97.555,95.350,96.425,96.993,97.933,100.445,100.00,103.35
"광주광역시","06 보건",94.197,94.831,95.782,96.888,97.542,98.307,98.208,98.465,100.00,99.91
"광주광역시","06.1 의료용품 및 장비",94.481,95.378,96.787,98.611,98.573,98.434,97.719,98.655,100.00,98.33
"광주광역시","06.2 외래환자 서비스",92.749,92.818,93.477,94.014,95.019,96.287,97.501,97.694,100.00,101.68
"광주광역시","06.3 병원 서비스",96.428,97.831,98.720,99.977,101.554,103.404,101.466,100.001,100.00,99.41
"광주광역시","07 교통",114.018,113.333,111.091,100.795,98.001,102.024,104.744,102.458,100.00,106.18
"광주광역시","07.1 운송장비",100.038,101.237,101.026,99.988,100.321,101.206,100.052,98.847,100.00,101.59
"광주광역시","07.2 개인운송장비 운영",133.762,130.585,125.789,106.009,99.023,104.994,111.183,106.093,100.00,110.58
"광주광역시","07.3 운송 서비스",85.511,87.926,88.808,88.713,91.346,95.437,96.418,99.730,100.00,101.02
"광주광역시","08 통신",105.627,105.470,105.369,105.112,105.192,105.460,104.540,102.136,100.00,98.88
"광주광역시","08.1 우편서비스",74.340,77.611,82.190,82.190,82.190,87.785,89.644,96.548,100.00,103.33
"광주광역시","08.2 전화 및 팩스장비",108.971,105.932,102.376,96.926,97.199,98.760,99.769,99.113,100.00,92.71
"광주광역시","08.3 전화 및 팩스 서비스",106.851,106.851,106.943,106.987,107.042,107.089,105.707,102.865,100.00,100.97
"광주광역시","09 오락 및 문화",96.217,97.390,98.093,98.459,99.956,100.133,100.547,100.621,100.00,100.44
"광주광역시","09.1 음향, 영상, 사진 및 정보처리 장비",131.420,124.543,116.421,112.599,113.107,111.192,106.001,102.472,100.00,98.71
"광주광역시","09.2 기타 오락 및 문화용 주요 내구재",97.712,98.122,100.458,99.546,99.369,100.520,101.400,101.950,100.00,100.54
"광주광역시","09.3 기타 오락용품, 조경용품 및 애완동물",91.370,93.905,95.837,96.929,98.488,98.090,98.186,97.595,100.00,98.88
"광주광역시","09.4 오락 및 문화 서비스",87.838,89.412,91.358,93.101,94.692,95.736,97.219,98.908,100.00,101.38
"광주광역시","09.5 신문, 서적 및 문방구",88.222,90.715,93.137,96.137,96.670,98.351,99.124,100.481,100.00,100.89
"광주광역시","09.6 단체여행",109.064,112.086,111.833,105.209,107.826,106.189,106.948,105.191,100.00,101.54
"광주광역시","10 교육",94.939,97.768,99.230,100.497,101.538,102.858,103.688,103.770,100.00,101.38
"광주광역시","10.1 유치원 및 초등교육",134.073,97.974,96.174,100.674,106.365,105.987,108.987,111.233,100.00,92.02
"광주광역시","10.3 고등교육",104.291,103.148,102.630,102.493,102.537,102.547,102.257,101.908,100.00,100.58
"광주광역시","10.4 기타교육",83.569,89.608,92.001,93.716,94.835,96.682,97.866,99.023,100.00,102.01
"광주광역시","11 음식 및 숙박",85.243,85.471,88.401,89.699,92.781,94.729,97.351,98.472,100.00,103.16
"광주광역시","11.1 음식 서비스",85.435,85.592,88.521,89.791,92.925,94.885,97.569,98.700,100.00,103.23
"광주광역시","11.2 숙박 서비스",81.561,84.030,87.153,89.498,90.868,92.560,94.285,95.208,100.00,100.91
"광주광역시","12 기타 상품 및 서비스",83.105,83.791,87.174,89.211,93.115,96.464,96.932,98.261,100.00,101.77
"광주광역시","12.1 미용용품 및 미용 서비스",89.461,90.793,95.420,96.636,98.109,98.231,98.383,98.833,100.00,100.79
"광주광역시","12.3 기타 개인용품",77.170,81.477,85.877,92.513,94.085,96.115,97.225,99.386,100.00,99.51
"광주광역시","12.4~7 기타서비스",80.058,77.665,78.341,79.748,86.844,93.980,94.666,96.974,100.00,103.51
"대전광역시","0 총지수",93.669,94.592,95.459,95.648,96.297,97.894,99.412,99.622,100.00,102.50
"대전광역시","01 식료품 및 비주류음료",86.231,86.178,86.183,86.848,88.965,92.294,94.858,95.655,100.00,106.24
"대전광역시","01.1 식료품",85.970,85.782,85.725,86.315,88.551,91.981,94.622,95.442,100.00,106.48
"대전광역시","01.2 비주류 음료",90.765,92.800,93.753,95.580,95.508,96.973,98.386,98.808,100.00,102.88
"대전광역시","02 주류 및 담배",62.737,64.000,64.184,96.149,97.085,98.486,98.702,99.008,100.00,100.18
"대전광역시","02.1 주류",81.628,86.170,87.144,88.622,91.401,95.567,96.198,97.087,100.00,100.46
"대전광역시","02.2 담배",56.365,56.419,56.313,100.000,100.000,100.000,100.000,100.000,100.00,100.00
"대전광역시","03 의류 및 신발",88.683,91.265,94.901,95.821,97.543,98.612,99.949,99.480,100.00,100.56
"대전광역시","03.1 의류",88.522,91.692,95.474,96.419,98.025,99.169,100.385,99.643,100.00,100.45
"대전광역시","03.2 신발",89.994,88.821,91.529,92.297,94.790,95.364,97.420,98.516,100.00,101.27
"대전광역시","04 주택, 수도, 전기 및 연료",95.159,97.875,100.351,98.442,96.155,96.976,98.095,99.192,100.00,101.49
"대전광역시","04.1 주택임차료",94.145,95.744,97.670,98.559,99.100,99.657,99.731,99.524,100.00,102.14
"대전광역시","04.3 주거시설 유지 · 보수",77.688,81.207,83.253,86.202,87.961,91.391,94.603,98.269,100.00,103.96
"대전광역시","04.4 수도 및 주거관련 서비스",76.755,78.479,79.389,82.127,82.802,85.276,92.903,95.892,100.00,103.34
"대전광역시","04.5 전기, 가스 및 기타연료",119.010,124.728,129.803,117.213,104.554,103.386,100.133,101.838,100.00,97.29
"대전광역시","05 가정용품 및 가사 서비스",90.054,90.312,91.948,95.019,96.129,96.969,98.440,100.025,100.00,101.99
"대전광역시","05.1 가구, 가사비품 및 카페트",80.625,79.352,80.121,81.869,86.113,88.928,93.777,99.575,100.00,104.55
"대전광역시","05.2 가정용 섬유제품",95.625,96.005,94.634,94.546,95.214,96.377,96.450,98.080,100.00,101.43
"대전광역시","05.3 가정용 기기",90.798,91.800,95.773,99.654,101.058,100.767,101.055,101.556,100.00,99.88
"대전광역시","05.4 주방용품 및 가정용품",90.457,90.250,92.795,98.866,99.282,99.259,100.774,99.585,100.00,100.43
"대전광역시","05.5 가정 · 정원용 공구 및 장비",93.121,98.348,99.757,98.220,98.417,99.346,99.770,98.529,100.00,105.03
"대전광역시","05.6 일상 생활용품 및 가사 서비스",93.751,93.649,92.859,96.578,95.294,96.464,97.540,99.063,100.00,103.35
"대전광역시","06 보건",94.597,94.843,95.654,96.914,97.933,98.434,98.505,99.036,100.00,99.57
"대전광역시","06.1 의료용품 및 장비",96.101,96.635,98.054,100.089,100.440,99.466,99.001,100.047,100.00,97.76
"대전광역시","06.2 외래환자 서비스",92.965,92.505,92.578,93.468,94.889,96.333,97.417,98.003,100.00,101.61
"대전광역시","06.3 병원 서비스",97.063,98.682,100.145,100.561,102.160,103.700,101.388,99.858,100.00,99.40
"대전광역시","07 교통",114.950,113.885,111.147,101.315,98.909,102.358,104.577,102.367,100.00,106.82
"대전광역시","07.1 운송장비",100.119,101.324,101.086,100.116,100.409,101.249,100.088,98.863,100.00,101.61
"대전광역시","07.2 개인운송장비 운영",134.632,130.910,125.648,106.155,99.944,106.052,111.162,106.184,100.00,112.52
"대전광역시","07.3 운송 서비스",88.315,90.609,90.710,92.423,95.244,95.901,96.939,99.331,100.00,101.49
"대전광역시","08 통신",105.499,105.394,105.369,105.230,105.311,105.589,104.633,102.195,100.00,99.69
"대전광역시","08.1 우편서비스",74.340,77.611,82.190,82.190,82.190,87.785,89.644,96.548,100.00,103.33
"대전광역시","08.2 전화 및 팩스장비",109.297,105.782,102.269,96.926,97.199,98.760,99.769,99.113,100.00,92.71
"대전광역시","08.3 전화 및 팩스 서비스",106.876,106.876,106.960,107.001,107.058,107.113,105.728,102.869,100.00,100.97
"대전광역시","09 오락 및 문화",97.906,98.529,98.971,98.860,100.581,100.924,101.237,101.041,100.00,100.38
"대전광역시","09.1 음향, 영상, 사진 및 정보처리 장비",132.980,127.856,118.542,113.049,113.805,112.181,106.468,102.560,100.00,98.47
"대전광역시","09.2 기타 오락 및 문화용 주요 내구재",105.045,103.384,100.392,99.880,101.913,103.070,103.755,102.570,100.00,100.05
"대전광역시","09.3 기타 오락용품, 조경용품 및 애완동물",89.866,91.359,92.998,95.092,97.951,98.104,98.438,97.526,100.00,99.51
"대전광역시","09.4 오락 및 문화 서비스",89.944,90.557,92.827,93.465,95.184,96.637,97.822,99.203,100.00,101.45
"대전광역시","09.5 신문, 서적 및 문방구",87.895,90.026,92.429,95.339,95.632,96.892,97.990,100.128,100.00,100.34
"대전광역시","09.6 단체여행",109.840,112.523,112.118,105.229,107.869,106.189,106.949,105.190,100.00,101.58
"대전광역시","10 교육",95.779,96.381,96.798,98.519,99.650,100.484,101.993,102.993,100.00,100.34
"대전광역시","10.1 유치원 및 초등교육",131.388,110.749,108.790,119.206,121.218,121.924,121.449,106.872,100.00,94.54
"대전광역시","10.3 고등교육",104.609,103.312,102.631,102.211,102.162,102.145,101.834,101.484,100.00,99.87
"대전광역시","10.4 기타교육",86.058,88.104,88.861,90.581,92.047,93.172,95.287,98.552,100.00,100.83
"대전광역시","11 음식 및 숙박",87.500,89.166,90.239,92.261,94.509,95.843,98.861,99.210,100.00,102.66
"대전광역시","11.1 음식 서비스",87.684,89.340,90.363,92.407,94.690,96.015,99.068,99.379,100.00,102.75
"대전광역시","11.2 숙박 서비스",82.459,84.431,87.812,88.903,90.018,91.759,93.978,95.189,100.00,100.41
"대전광역시","12 기타 상품 및 서비스",84.467,85.363,87.597,89.975,93.296,95.851,96.799,97.928,100.00,102.15
"대전광역시","12.1 미용용품 및 미용 서비스",87.975,91.716,94.490,96.703,97.247,96.089,97.398,98.634,100.00,101.62
"대전광역시","12.3 기타 개인용품",78.187,82.431,86.600,92.005,94.046,96.218,97.279,99.323,100.00,98.50
"대전광역시","12.4~7 기타서비스",85.172,79.955,80.540,81.956,88.691,95.390,95.773,96.424,100.00,104.01
"울산광역시","0 총지수",93.272,94.688,95.812,96.251,97.205,99.006,100.026,99.705,100.00,102.49
"울산광역시","01 식료품 및 비주류음료",85.949,87.181,88.238,89.550,91.855,94.687,96.072,95.361,100.00,106.17
"울산광역시","01.1 식료품",85.368,86.534,87.575,88.903,91.368,94.333,95.863,95.054,100.00,106.46
"울산광역시","01.2 비주류 음료",95.436,97.640,98.984,100.038,99.402,99.832,99.077,99.803,100.00,101.93
"울산광역시","02 주류 및 담배",62.746,63.717,63.874,96.924,97.511,98.744,99.388,99.763,100.00,100.22
"울산광역시","02.1 주류",85.194,89.083,90.084,91.004,92.798,96.562,98.326,99.349,100.00,100.59
"울산광역시","02.2 담배",56.368,56.422,56.320,100.000,100.000,100.000,100.000,100.000,100.00,100.00
"울산광역시","03 의류 및 신발",88.995,91.583,95.425,96.282,97.912,99.061,100.000,99.634,100.00,100.64
"울산광역시","03.1 의류",88.870,92.162,96.166,97.008,98.464,99.692,100.432,99.822,100.00,100.50
"울산광역시","03.2 신발",89.809,88.153,91.044,91.990,94.590,95.306,97.430,98.526,100.00,101.41
"울산광역시","04 주택, 수도, 전기 및 연료",98.165,101.371,104.208,102.505,100.572,101.057,100.777,100.182,100.00,101.30
"울산광역시","04.1 주택임차료",98.716,101.643,102.972,103.861,104.536,104.564,103.489,101.226,100.00,101.66
"울산광역시","04.3 주거시설 유지 · 보수",84.221,85.508,86.791,91.012,92.976,93.187,98.135,99.936,100.00,102.64
"울산광역시","04.4 수도 및 주거관련 서비스",78.781,80.317,83.895,87.724,90.864,93.896,96.846,96.125,100.00,104.60
"울산광역시","04.5 전기, 가스 및 기타연료",119.821,125.669,130.918,117.766,104.879,103.919,100.257,102.010,100.00,97.12
"울산광역시","05 가정용품 및 가사 서비스",87.054,88.289,90.830,92.500,94.475,95.926,97.949,99.725,100.00,101.88
"울산광역시","05.1 가구, 가사비품 및 카페트",80.090,79.006,79.817,81.651,85.938,88.800,93.729,99.605,100.00,104.60
"울산광역시","05.2 가정용 섬유제품",92.998,93.427,92.625,91.744,93.248,94.770,95.784,97.661,100.00,101.32
"울산광역시","05.3 가정용 기기",90.156,91.208,95.088,99.238,100.719,100.557,100.997,101.557,100.00,99.80
"울산광역시","05.4 주방용품 및 가정용품",83.609,84.005,86.435,92.158,94.769,96.001,98.173,98.099,100.00,102.20
"울산광역시","05.5 가정 · 정원용 공구 및 장비",97.022,101.631,100.171,98.396,99.045,99.829,100.281,99.641,100.00,104.11
"울산광역시","05.6 일상 생활용품 및 가사 서비스",87.554,92.522,97.449,93.259,92.904,95.665,97.655,98.130,100.00,102.78
"울산광역시","06 보건",92.921,93.035,94.327,96.350,97.561,98.432,98.310,98.698,100.00,100.10
"울산광역시","06.1 의료용품 및 장비",96.231,96.417,97.934,100.329,100.747,99.786,98.748,99.107,100.00,99.10
"울산광역시","06.2 외래환자 서비스",89.100,88.998,90.060,91.812,93.470,95.329,96.849,97.935,100.00,101.42
"울산광역시","06.3 병원 서비스",95.164,95.936,97.492,99.521,101.379,103.884,101.396,99.845,100.00,99.32
"울산광역시","07 교통",113.050,112.268,110.140,100.790,98.481,101.835,103.977,101.850,100.00,104.98
"울산광역시","07.1 운송장비",100.239,101.425,101.259,100.251,100.500,101.335,100.125,98.860,100.00,101.62
"울산광역시","07.2 개인운송장비 운영",131.458,127.820,122.999,104.396,97.891,104.386,110.803,105.938,100.00,110.06
"울산광역시","07.3 운송 서비스",86.947,90.308,91.899,92.685,96.534,96.786,97.254,99.674,100.00,101.61
"울산광역시","08 통신",104.971,104.894,104.901,104.824,104.922,105.260,104.398,102.042,100.00,98.92
"울산광역시","08.1 우편서비스",74.340,77.611,82.190,82.190,82.190,87.785,89.644,96.548,100.00,103.33
"울산광역시","08.2 전화 및 팩스장비",109.537,105.821,102.248,96.926,97.199,98.760,99.769,99.113,100.00,92.71
"울산광역시","08.3 전화 및 팩스 서비스",106.884,106.884,106.959,106.994,107.051,107.106,105.722,102.867,100.00,100.97
"울산광역시","09 오락 및 문화",98.096,99.043,99.183,98.774,100.536,100.422,101.211,101.033,100.00,100.27
"울산광역시","09.1 음향, 영상, 사진 및 정보처리 장비",137.002,132.614,123.222,118.500,118.072,114.630,107.918,103.357,100.00,98.55
"울산광역시","09.2 기타 오락 및 문화용 주요 내구재",108.171,108.388,104.379,99.898,98.939,100.545,101.951,101.847,100.00,101.17
"울산광역시","09.3 기타 오락용품, 조경용품 및 애완동물",91.139,92.320,94.629,95.593,98.612,98.333,98.244,97.699,100.00,98.57
"울산광역시","09.4 오락 및 문화 서비스",88.313,89.364,90.653,92.044,93.982,95.056,97.779,99.199,100.00,101.40
"울산광역시","09.5 신문, 서적 및 문방구",87.741,89.902,92.261,95.598,95.914,97.429,98.589,100.478,100.00,100.72
"울산광역시","09.6 단체여행",109.446,112.318,111.994,105.250,107.886,106.212,106.972,105.212,100.00,101.43
"울산광역시","10 교육",96.097,97.182,98.040,99.711,101.502,102.740,103.487,103.594,100.00,99.99
"울산광역시","10.1 유치원 및 초등교육",124.003,96.170,96.977,104.899,108.019,108.795,109.956,103.397,100.00,78.55
"울산광역시","10.3 고등교육",103.158,102.108,101.861,101.809,101.817,101.822,101.522,101.349,100.00,100.14
"울산광역시","10.4 기타교육",85.985,89.851,91.108,92.979,95.380,97.104,98.281,99.771,100.00,100.46
"울산광역시","11 음식 및 숙박",85.028,87.993,88.950,91.347,93.762,96.449,98.580,99.132,100.00,102.91
"울산광역시","11.1 음식 서비스",85.079,88.066,89.002,91.417,93.862,96.582,98.714,99.283,100.00,102.98
"울산광역시","11.2 숙박 서비스",85.052,87.200,89.056,90.790,92.064,93.463,95.570,95.793,100.00,101.38
"울산광역시","12 기타 상품 및 서비스",86.137,86.536,88.513,90.775,94.088,96.709,97.278,98.636,100.00,102.40
"울산광역시","12.1 미용용품 및 미용 서비스",90.518,92.680,94.962,96.993,97.161,97.342,98.270,98.830,100.00,101.84
"울산광역시","12.3 기타 개인용품",78.610,81.880,85.734,92.059,94.124,96.213,97.353,99.442,100.00,99.52
"울산광역시","12.4~7 기타서비스",83.548,79.315,79.875,80.687,89.183,95.664,95.335,97.972,100.00,103.78
"세종특별자치시","0 총지수",-,-,-,95.626,96.311,98.205,99.232,99.566,100.00,102.71
"세종특별자치시","01 식료품 및 비주류음료",-,-,-,88.898,91.031,94.482,96.533,96.714,100.00,104.50
"세종특별자치시","01.1 식료품",-,-,-,88.537,90.776,94.438,96.504,96.692,100.00,104.74
"세종특별자치시","01.2 비주류 음료",-,-,-,94.560,95.050,95.108,96.925,97.052,100.00,101.08
"세종특별자치시","02 주류 및 담배",-,-,-,96.818,97.365,99.183,99.364,99.544,100.00,100.28
"세종특별자치시","02.1 주류",-,-,-,90.713,92.309,97.580,98.112,98.650,100.00,100.68
"세종특별자치시","02.2 담배",-,-,-,100.000,100.000,100.000,100.000,100.000,100.00,100.00
"세종특별자치시","03 의류 및 신발",-,-,-,95.989,97.860,99.029,100.076,99.389,100.00,100.65
"세종특별자치시","03.1 의류",-,-,-,96.674,98.427,99.651,100.527,99.541,100.00,100.56
"세종특별자치시","03.2 신발",-,-,-,91.768,94.363,95.211,97.311,98.474,100.00,101.26
"세종특별자치시","04 주택, 수도, 전기 및 연료",-,-,-,95.527,94.150,95.868,96.390,98.222,100.00,104.50
"세종특별자치시","04.1 주택임차료",-,-,-,99.216,99.756,100.858,99.992,98.975,100.00,105.76
"세종특별자치시","04.3 주거시설 유지 · 보수",-,-,-,89.431,91.933,94.421,98.376,99.292,100.00,105.60
"세종특별자치시","04.4 수도 및 주거관련 서비스",-,-,-,68.299,72.718,77.768,83.880,92.768,100.00,106.02
"세종특별자치시","04.5 전기, 가스 및 기타연료",-,-,-,116.778,103.572,102.933,100.300,101.810,100.00,98.54
"세종특별자치시","05 가정용품 및 가사 서비스",-,-,-,95.481,95.788,96.734,98.371,100.064,100.00,101.63
"세종특별자치시","05.1 가구, 가사비품 및 카페트",-,-,-,81.763,85.976,88.858,93.781,99.626,100.00,104.55
"세종특별자치시","05.2 가정용 섬유제품",-,-,-,92.678,93.489,94.817,95.653,96.894,100.00,100.65
"세종특별자치시","05.3 가정용 기기",-,-,-,99.387,100.853,100.670,101.045,101.559,100.00,99.82
"세종특별자치시","05.4 주방용품 및 가정용품",-,-,-,97.763,97.035,98.256,99.105,99.070,100.00,101.67
"세종특별자치시","05.5 가정 · 정원용 공구 및 장비",-,-,-,98.914,98.938,99.407,100.184,99.584,100.00,105.41
"세종특별자치시","05.6 일상 생활용품 및 가사 서비스",-,-,-,100.741,95.734,96.336,97.983,99.339,100.00,100.76
"세종특별자치시","06 보건",-,-,-,97.280,98.022,98.734,98.376,98.820,100.00,99.48
"세종특별자치시","06.1 의료용품 및 장비",-,-,-,99.141,99.359,98.875,98.337,99.323,100.00,97.70
"세종특별자치시","06.2 외래환자 서비스",-,-,-,93.929,94.849,96.311,97.019,97.915,100.00,101.41
"세종특별자치시","06.3 병원 서비스",-,-,-,100.497,102.095,103.635,101.338,99.835,100.00,99.49
"세종특별자치시","07 교통",-,-,-,101.490,98.568,102.204,104.434,101.796,100.00,106.61
"세종특별자치시","07.1 운송장비",-,-,-,100.071,100.370,101.254,100.099,98.860,100.00,101.62
"세종특별자치시","07.2 개인운송장비 운영",-,-,-,105.961,100.004,106.413,111.719,106.466,100.00,111.65
"세종특별자치시","07.3 운송 서비스",-,-,-,92.523,92.836,93.243,94.107,95.467,100.00,105.76
"세종특별자치시","08 통신",-,-,-,105.192,105.275,105.559,104.614,102.181,100.00,99.45
"세종특별자치시","08.1 우편서비스",-,-,-,82.190,82.190,87.785,89.644,96.548,100.00,103.33
"세종특별자치시","08.2 전화 및 팩스장비",-,-,-,96.926,97.199,98.760,99.769,99.113,100.00,92.71
"세종특별자치시","08.3 전화 및 팩스 서비스",-,-,-,107.005,107.062,107.116,105.732,102.872,100.00,100.96
"세종특별자치시","09 오락 및 문화",-,-,-,98.393,100.349,100.886,101.134,101.008,100.00,100.41
"세종특별자치시","09.1 음향, 영상, 사진 및 정보처리 장비",-,-,-,112.663,112.909,111.110,105.995,102.543,100.00,98.50
"세종특별자치시","09.2 기타 오락 및 문화용 주요 내구재",-,-,-,98.804,102.949,104.766,105.063,104.682,100.00,101.60
"세종특별자치시","09.3 기타 오락용품, 조경용품 및 애완동물",-,-,-,93.673,97.859,98.924,99.091,97.868,100.00,99.48
"세종특별자치시","09.4 오락 및 문화 서비스",-,-,-,94.076,95.601,96.868,97.822,99.319,100.00,101.38
"세종특별자치시","09.5 신문, 서적 및 문방구",-,-,-,94.839,95.550,97.395,98.702,100.593,100.00,100.66
"세종특별자치시","09.6 단체여행",-,-,-,105.215,107.837,106.190,106.950,105.190,100.00,101.52
"세종특별자치시","10 교육",-,-,-,102.192,102.591,103.334,103.800,104.273,100.00,100.48
"세종특별자치시","10.1 유치원 및 초등교육",-,-,-,101.736,101.736,101.736,105.009,109.224,100.00,84.11
"세종특별자치시","10.3 고등교육",-,-,-,102.211,102.162,102.145,101.834,101.484,100.00,99.85
"세종특별자치시","10.4 기타교육",-,-,-,96.438,96.999,98.022,98.590,100.096,100.00,101.07
"세종특별자치시","11 음식 및 숙박",-,-,-,90.550,93.523,95.030,96.630,98.471,100.00,102.17
"세종특별자치시","11.1 음식 서비스",-,-,-,90.674,93.689,95.190,96.756,98.621,100.00,102.23
"세종특별자치시","11.2 숙박 서비스",-,-,-,88.011,89.654,91.412,93.781,95.112,100.00,100.77
"세종특별자치시","12 기타 상품 및 서비스",-,-,-,88.824,92.454,95.651,96.744,98.602,100.00,102.20
"세종특별자치시","12.1 미용용품 및 미용 서비스",-,-,-,97.416,97.828,98.202,99.039,99.953,100.00,101.91
"세종특별자치시","12.3 기타 개인용품",-,-,-,92.216,94.051,96.142,97.232,99.399,100.00,99.44
"세종특별자치시","12.4~7 기타서비스",-,-,-,77.739,85.375,91.946,93.398,96.454,100.00,103.55
"경기도","0 총지수",91.769,92.890,94.038,94.734,95.624,97.545,98.994,99.396,100.00,102.57
"경기도","01 식료품 및 비주류음료",85.659,86.667,86.888,88.176,89.972,93.133,95.521,95.707,100.00,106.33
"경기도","01.1 식료품",85.184,86.115,86.291,87.561,89.496,92.874,95.329,95.453,100.00,106.69
"경기도","01.2 비주류 음료",93.214,95.422,96.374,97.941,97.442,96.976,98.360,99.452,100.00,101.53
"경기도","02 주류 및 담배",63.804,64.985,64.973,96.028,96.707,98.433,98.760,99.594,100.00,100.55
"경기도","02.1 주류",84.735,88.771,89.003,89.813,91.576,96.061,96.880,98.984,100.00,101.27
"경기도","02.2 담배",56.388,56.443,56.337,100.000,100.000,100.000,100.000,100.000,100.00,100.00
"경기도","03 의류 및 신발",88.171,90.686,94.286,95.497,97.251,98.346,99.362,99.259,100.00,100.52
"경기도","03.1 의류",87.840,90.946,94.770,96.035,97.647,98.819,99.664,99.374,100.00,100.40
"경기도","03.2 신발",90.022,88.983,91.228,92.067,94.691,95.352,97.420,98.521,100.00,101.25
"경기도","04 주택, 수도, 전기 및 연료",89.843,92.950,95.534,95.953,95.720,97.748,98.382,99.380,100.00,101.92
"경기도","04.1 주택임차료",88.109,90.288,92.519,95.367,97.381,99.355,100.156,100.028,100.00,101.57
"경기도","04.3 주거시설 유지 · 보수",75.798,77.285,79.492,82.056,83.802,89.057,92.832,96.967,100.00,105.23
"경기도","04.4 수도 및 주거관련 서비스",71.690,75.411,76.967,80.284,84.638,89.516,92.746,95.864,100.00,105.70
"경기도","04.5 전기, 가스 및 기타연료",118.288,123.986,128.857,118.238,104.848,103.050,99.814,101.488,100.00,98.07
"경기도","05 가정용품 및 가사 서비스",88.275,88.463,90.962,93.461,94.981,95.945,98.044,100.001,100.00,101.70
"경기도","05.1 가구, 가사비품 및 카페트",80.680,79.311,79.981,81.739,86.018,88.801,93.736,99.612,100.00,104.56
"경기도","05.2 가정용 섬유제품",94.206,94.527,93.660,93.067,93.983,94.753,95.818,97.283,100.00,101.09
"경기도","05.3 가정용 기기",91.259,92.187,95.727,98.810,100.487,100.642,101.007,101.573,100.00,99.76
"경기도","05.4 주방용품 및 가정용품",88.390,90.121,92.629,96.964,97.571,97.569,99.308,99.209,100.00,100.65
"경기도","05.5 가정 · 정원용 공구 및 장비",93.824,98.147,100.503,98.174,98.556,99.423,99.970,99.081,100.00,105.07
"경기도","05.6 일상 생활용품 및 가사 서비스",88.553,87.903,91.273,94.432,93.513,94.177,97.180,99.062,100.00,103.47
"경기도","06 보건",94.026,94.187,94.750,95.970,96.902,97.826,97.977,98.425,100.00,99.89
"경기도","06.1 의료용품 및 장비",96.838,97.088,97.946,99.210,99.127,98.599,97.834,98.612,100.00,98.50
"경기도","06.2 외래환자 서비스",91.467,91.160,91.224,92.361,93.859,95.768,97.246,97.912,100.00,101.50
"경기도","06.3 병원 서비스",94.877,96.714,98.533,99.949,101.781,103.527,101.310,99.877,100.00,99.28
"경기도","07 교통",110.925,110.089,107.944,99.302,97.342,100.645,103.134,101.277,100.00,106.24
"경기도","07.1 운송장비",100.062,101.245,101.065,100.091,100.393,101.275,100.082,98.839,100.00,101.59
"경기도","07.2 개인운송장비 운영",131.831,128.543,123.705,105.124,99.147,105.570,111.260,106.142,100.00,110.91
"경기도","07.3 운송 서비스",81.525,83.546,84.728,88.067,91.469,91.347,92.049,95.277,100.00,101.49
"경기도","08 통신",105.475,105.312,105.216,104.983,105.066,105.351,104.461,102.093,100.00,99.16
"경기도","08.1 우편서비스",74.340,77.611,82.190,82.190,82.190,87.785,89.644,96.548,100.00,103.33
"경기도","08.2 전화 및 팩스장비",108.976,105.570,102.255,96.926,97.199,98.760,99.769,99.113,100.00,92.71
"경기도","08.3 전화 및 팩스 서비스",106.889,106.889,106.964,106.997,107.051,107.098,105.716,102.870,100.00,100.97
"경기도","09 오락 및 문화",98.205,99.187,99.739,99.339,101.035,101.038,101.431,101.085,100.00,100.39
"경기도","09.1 음향, 영상, 사진 및 정보처리 장비",132.522,127.116,119.246,115.316,115.455,112.771,106.904,102.982,100.00,98.45
"경기도","09.2 기타 오락 및 문화용 주요 내구재",101.282,99.678,98.327,98.514,98.029,100.576,102.362,101.931,100.00,100.60
"경기도","09.3 기타 오락용품, 조경용품 및 애완동물",92.136,93.189,94.776,96.136,99.392,99.506,99.874,97.700,100.00,99.62
"경기도","09.4 오락 및 문화 서비스",90.242,91.160,92.774,93.737,95.238,96.021,97.707,99.328,100.00,101.30
"경기도","09.5 신문, 서적 및 문방구",88.228,90.505,93.139,95.952,96.495,97.895,98.926,100.787,100.00,100.61
"경기도","09.6 단체여행",108.692,111.900,111.728,105.240,107.862,106.215,106.978,105.216,100.00,101.47
"경기도","10 교육",92.588,93.754,95.053,96.685,98.161,99.270,100.927,101.756,100.00,100.82
"경기도","10.1 유치원 및 초등교육",105.219,83.445,83.796,91.013,94.400,95.891,98.542,102.139,100.00,96.27
"경기도","10.3 고등교육",102.528,101.331,101.102,101.089,101.120,101.070,100.795,100.549,100.00,99.73
"경기도","10.4 기타교육",85.158,87.944,89.691,91.515,93.185,94.531,96.665,98.471,100.00,101.28
"경기도","11 음식 및 숙박",86.495,87.420,88.742,90.436,92.285,94.580,97.524,99.296,100.00,102.75
"경기도","11.1 음식 서비스",86.548,87.444,88.771,90.465,92.330,94.648,97.630,99.437,100.00,102.83
"경기도","11.2 숙박 서비스",84.929,86.914,88.074,89.752,91.030,92.741,94.591,95.398,100.00,100.40
"경기도","12 기타 상품 및 서비스",86.028,85.811,87.953,90.272,93.354,95.667,96.166,97.905,100.00,102.23
"경기도","12.1 미용용품 및 미용 서비스",90.909,93.083,95.576,97.479,97.566,96.765,97.509,98.743,100.00,101.41
"경기도","12.3 기타 개인용품",77.119,81.396,85.811,92.301,94.417,96.381,97.499,99.592,100.00,99.46
"경기도","12.4~7 기타서비스",85.139,78.982,79.555,80.625,87.701,93.973,93.929,96.209,100.00,103.88
"강원도","0 총지수",92.692,93.697,94.334,94.369,95.110,97.013,98.557,99.384,100.00,102.80
"강원도","01 식료품 및 비주류음료",85.572,86.585,86.390,87.787,89.687,92.645,94.782,95.561,100.00,106.43
"강원도","01.1 식료품",85.084,86.017,85.763,87.147,89.237,92.361,94.639,95.378,100.00,106.73
"강원도","01.2 비주류 음료",93.284,95.510,96.353,97.928,96.601,96.717,96.818,98.136,100.00,101.97
"강원도","02 주류 및 담배",63.221,64.380,64.436,96.977,97.623,98.702,98.894,99.737,100.00,100.19
"강원도","02.1 주류",83.920,88.265,88.795,90.020,92.236,95.930,96.530,99.168,100.00,100.55
"강원도","02.2 담배",56.378,56.433,56.324,100.000,100.000,100.000,100.000,100.000,100.00,100.00
"강원도","03 의류 및 신발",87.349,90.137,93.633,94.740,96.567,97.608,98.942,99.877,100.00,100.52
"강원도","03.1 의류",87.308,90.425,94.050,95.238,96.926,98.019,99.214,100.116,100.00,100.38
"강원도","03.2 신발",87.725,88.537,91.259,91.891,94.552,95.308,97.413,98.524,100.00,101.34
"강원도","04 주택, 수도, 전기 및 연료",94.980,97.641,99.100,96.342,94.848,96.276,97.959,99.826,100.00,102.33
"강원도","04.1 주택임차료",93.428,95.852,97.097,98.040,99.020,100.227,100.868,100.580,100.00,100.36
"강원도","04.3 주거시설 유지 · 보수",78.603,80.834,82.177,85.401,87.678,90.426,95.114,98.179,100.00,106.05
"강원도","04.4 수도 및 주거관련 서비스",65.953,69.872,72.311,75.717,80.012,84.132,88.945,95.049,100.00,105.12
"강원도","04.5 전기, 가스 및 기타연료",121.583,123.747,124.774,111.873,101.965,101.302,101.186,102.557,100.00,101.57
"강원도","05 가정용품 및 가사 서비스",88.725,89.510,91.058,92.698,94.281,95.986,98.242,99.639,100.00,102.08
"강원도","05.1 가구, 가사비품 및 카페트",79.580,79.377,80.449,81.671,85.989,88.841,93.739,99.634,100.00,104.59
"강원도","05.2 가정용 섬유제품",93.889,94.186,93.086,92.685,93.652,94.934,95.780,97.253,100.00,100.43
"강원도","05.3 가정용 기기",90.653,91.820,95.337,98.903,100.495,100.477,100.984,101.581,100.00,99.78
"강원도","05.4 주방용품 및 가정용품",93.195,94.595,93.754,96.945,97.902,98.746,98.418,98.971,100.00,99.89
"강원도","05.5 가정 · 정원용 공구 및 장비",93.908,96.982,97.035,96.224,96.240,98.371,99.821,99.226,100.00,104.21
"강원도","05.6 일상 생활용품 및 가사 서비스",89.111,89.521,91.251,91.292,90.590,93.759,97.914,97.848,100.00,105.34
"강원도","06 보건",94.798,95.273,95.793,96.793,97.604,98.564,98.342,98.679,100.00,99.89
"강원도","06.1 의료용품 및 장비",98.864,99.245,99.748,100.649,100.379,99.960,98.678,99.128,100.00,98.37
"강원도","06.2 외래환자 서비스",91.046,91.111,91.398,92.457,93.945,95.825,97.115,97.943,100.00,101.44
"강원도","06.3 병원 서비스",96.299,98.020,99.180,100.196,101.767,103.601,101.363,99.834,100.00,99.47
"강원도","07 교통",112.257,111.645,109.601,99.757,97.109,100.349,102.577,101.702,100.00,107.90
"강원도","07.1 운송장비",100.102,101.292,101.090,100.092,100.391,101.215,100.055,98.846,100.00,101.60
"강원도","07.2 개인운송장비 운영",129.047,126.109,121.661,103.372,97.296,103.579,109.051,105.380,100.00,111.12
"강원도","07.3 운송 서비스",81.576,85.298,87.718,89.726,89.796,90.167,91.586,98.612,100.00,102.89
"강원도","08 통신",105.519,105.380,105.253,104.951,105.046,105.422,104.519,102.122,100.00,98.96
"강원도","08.1 우편서비스",74.340,77.611,82.190,82.190,82.190,87.785,89.644,96.548,100.00,103.33
"강원도","08.2 전화 및 팩스장비",107.892,105.637,102.288,96.926,97.199,98.760,99.769,99.113,100.00,92.71
"강원도","08.3 전화 및 팩스 서비스",106.872,106.872,106.973,107.019,107.073,107.120,105.736,102.875,100.00,100.97
"강원도","09 오락 및 문화",97.361,98.528,98.602,97.795,99.818,99.921,100.631,100.733,100.00,100.41
"강원도","09.1 음향, 영상, 사진 및 정보처리 장비",133.064,127.682,118.289,112.539,113.519,112.272,106.577,102.648,100.00,98.37
"강원도","09.2 기타 오락 및 문화용 주요 내구재",102.035,101.104,98.996,97.659,96.695,98.758,101.572,102.205,100.00,100.55
"강원도","09.3 기타 오락용품, 조경용품 및 애완동물",89.719,91.395,93.129,93.950,97.178,97.028,97.655,97.530,100.00,99.68
"강원도","09.4 오락 및 문화 서비스",90.004,90.868,91.570,92.272,94.060,94.875,97.070,99.053,100.00,101.34
"강원도","09.5 신문, 서적 및 문방구",89.145,91.511,93.609,96.566,97.056,98.296,98.991,100.529,100.00,100.98
"강원도","09.6 단체여행",108.703,111.900,111.726,105.231,107.853,106.205,106.966,105.207,100.00,101.53
"강원도","10 교육",95.519,96.380,97.233,98.673,99.979,101.004,102.154,102.852,100.00,99.72
"강원도","10.1 유치원 및 초등교육",107.963,79.152,79.994,89.765,92.735,93.456,97.952,101.227,100.00,93.77
"강원도","10.3 고등교육",103.026,101.993,101.713,101.471,101.412,101.382,101.040,100.837,100.00,99.88
"강원도","10.4 기타교육",86.095,88.691,89.852,91.413,93.240,94.709,96.392,98.306,100.00,99.79
"강원도","11 음식 및 숙박",85.437,85.635,86.786,88.397,90.724,93.423,96.103,98.743,100.00,102.31
"강원도","11.1 음식 서비스",85.565,85.649,86.798,88.444,90.795,93.527,96.258,99.069,100.00,102.37
"강원도","11.2 숙박 서비스",83.791,87.035,88.263,89.084,90.706,92.398,94.604,95.536,100.00,100.68
"강원도","12 기타 상품 및 서비스",83.949,85.349,87.453,89.449,92.993,95.141,95.932,97.527,100.00,102.82
"강원도","12.1 미용용품 및 미용 서비스",88.814,91.846,94.634,96.566,96.941,96.525,97.568,98.380,100.00,102.47
"강원도","12.3 기타 개인용품",78.071,82.086,86.177,92.386,94.292,96.276,97.369,99.446,100.00,99.25
"강원도","12.4~7 기타서비스",81.825,79.748,80.157,80.915,88.256,93.173,93.582,96.039,100.00,103.71
"충청북도","0 총지수",92.938,94.104,95.220,95.073,95.613,97.524,99.122,99.487,100.00,102.69
"충청북도","01 식료품 및 비주류음료",85.477,86.084,86.817,87.893,90.092,92.756,95.651,96.058,100.00,105.91
"충청북도","01.1 식료품",85.092,85.608,86.329,87.307,89.666,92.532,95.564,95.876,100.00,106.24
"충청북도","01.2 비주류 음료",91.732,93.787,94.740,97.393,96.819,95.998,96.898,98.698,100.00,101.32
"충청북도","02 주류 및 담배",63.644,64.638,64.781,96.663,97.218,98.638,98.934,99.740,100.00,100.23
"충청북도","02.1 주류",85.338,88.919,89.756,90.511,92.158,96.371,97.163,99.305,100.00,100.59
"충청북도","02.2 담배",56.388,56.443,56.334,100.000,100.000,100.000,100.000,100.000,100.00,100.00
"충청북도","03 의류 및 신발",86.706,89.651,93.290,94.647,96.353,97.338,98.488,99.112,100.00,100.53
"충청북도","03.1 의류",86.843,89.906,93.682,95.077,96.640,97.684,98.675,99.216,100.00,100.41
"충청북도","03.2 신발",86.109,88.300,91.030,92.150,94.746,95.393,97.428,98.528,100.00,101.33
"충청북도","04 주택, 수도, 전기 및 연료",94.901,98.214,100.441,97.266,95.370,96.772,97.875,99.506,100.00,102.14
"충청북도","04.1 주택임차료",95.733,98.630,99.824,100.332,101.073,101.461,101.049,100.401,100.00,100.35
"충청북도","04.3 주거시설 유지 · 보수",79.251,81.636,84.424,85.383,88.030,89.591,94.735,98.606,100.00,105.70
"충청북도","04.4 수도 및 주거관련 서비스",67.688,71.035,73.716,76.361,79.896,84.475,89.767,94.741,100.00,106.47
"충청북도","04.5 전기, 가스 및 기타연료",120.269,124.275,127.257,114.633,102.901,102.813,101.241,102.501,100.00,100.21
"충청북도","05 가정용품 및 가사 서비스",88.056,89.655,91.532,93.866,94.971,96.697,98.436,100.452,100.00,102.20
"충청북도","05.1 가구, 가사비품 및 카페트",80.268,79.532,80.622,81.946,86.115,88.890,93.761,99.610,100.00,104.45
"충청북도","05.2 가정용 섬유제품",94.590,94.995,94.035,93.768,94.671,94.745,95.635,96.908,100.00,100.89
"충청북도","05.3 가정용 기기",91.379,92.653,95.987,99.597,100.947,100.613,101.057,101.560,100.00,99.82
"충청북도","05.4 주방용품 및 가정용품",86.124,88.551,91.391,95.903,96.481,98.068,98.938,99.494,100.00,99.99
"충청북도","05.5 가정 · 정원용 공구 및 장비",92.976,97.916,99.370,98.720,98.773,100.299,101.654,99.820,100.00,105.90
"충청북도","05.6 일상 생활용품 및 가사 서비스",87.904,90.971,92.362,94.556,92.406,96.167,98.056,101.140,100.00,104.00
"충청북도","06 보건",94.606,95.013,95.620,96.785,97.688,98.648,98.435,98.708,100.00,100.22
"충청북도","06.1 의료용품 및 장비",98.257,98.237,99.054,100.439,100.357,99.883,98.795,99.122,100.00,99.23
"충청북도","06.2 외래환자 서비스",90.545,90.901,91.285,92.379,93.745,95.506,96.924,97.842,100.00,101.49
"충청북도","06.3 병원 서비스",97.398,98.892,99.660,100.514,102.068,103.733,101.392,99.931,100.00,99.25
"충청북도","07 교통",112.948,112.181,110.960,100.726,96.959,100.914,103.803,101.819,100.00,106.07
"충청북도","07.1 운송장비",100.119,101.289,101.051,100.027,100.366,101.256,100.072,98.825,100.00,101.64
"충청북도","07.2 개인운송장비 운영",132.600,129.086,124.666,105.173,98.151,104.620,110.425,105.767,100.00,110.82
"충청북도","07.3 운송 서비스",78.904,82.286,87.927,87.553,87.509,88.412,89.076,94.381,100.00,101.00
"충청북도","08 통신",105.505,105.395,105.380,105.244,105.318,105.549,104.604,102.176,100.00,99.38
"충청북도","08.1 우편서비스",74.340,77.611,82.190,82.190,82.190,87.785,89.644,96.548,100.00,103.33
"충청북도","08.2 전화 및 팩스장비",109.291,105.777,102.277,96.926,97.199,98.760,99.769,99.113,100.00,92.71
"충청북도","08.3 전화 및 팩스 서비스",106.876,106.876,106.976,107.023,107.069,107.124,105.738,102.875,100.00,100.97
"충청북도","09 오락 및 문화",97.289,98.557,98.730,98.259,100.246,100.430,100.916,100.827,100.00,100.31
"충청북도","09.1 음향, 영상, 사진 및 정보처리 장비",129.115,125.348,117.512,112.563,113.347,111.910,106.507,102.715,100.00,98.46
"충청북도","09.2 기타 오락 및 문화용 주요 내구재",101.121,99.431,98.241,97.708,96.863,98.547,101.672,101.745,100.00,101.09
"충청북도","09.3 기타 오락용품, 조경용품 및 애완동물",89.436,91.220,92.293,93.641,96.997,97.345,97.905,97.090,100.00,99.95
"충청북도","09.4 오락 및 문화 서비스",89.683,90.679,91.661,92.476,94.481,95.596,97.153,99.137,100.00,101.01
"충청북도","09.5 신문, 서적 및 문방구",88.394,91.122,93.547,95.991,96.465,97.634,98.561,100.141,100.00,100.84
"충청북도","09.6 단체여행",108.853,111.980,111.770,105.217,107.838,106.195,106.957,105.197,100.00,101.54
"충청북도","10 교육",96.120,96.391,97.332,98.219,99.249,100.209,101.324,102.002,100.00,100.99
"충청북도","10.1 유치원 및 초등교육",126.899,77.567,82.344,93.668,101.664,106.287,111.716,113.675,100.00,79.63
"충청북도","10.3 고등교육",104.395,103.150,102.558,102.228,102.179,102.166,101.852,101.493,100.00,99.86
"충청북도","10.4 기타교육",88.128,91.079,92.320,93.117,94.355,95.562,97.190,98.885,100.00,101.44
"충청북도","11 음식 및 숙박",85.945,87.927,89.266,90.915,92.700,95.554,98.352,98.900,100.00,102.50
"충청북도","11.1 음식 서비스",86.123,88.114,89.366,91.035,92.836,95.724,98.555,99.082,100.00,102.55
"충청북도","11.2 숙박 서비스",82.091,83.652,88.354,89.298,90.587,92.320,94.478,95.481,100.00,100.98
"충청북도","12 기타 상품 및 서비스",84.333,84.449,87.207,89.003,92.355,94.386,95.791,98.064,100.00,102.03
"충청북도","12.1 미용용품 및 미용 서비스",86.770,88.601,92.512,94.076,94.012,93.991,96.640,98.830,100.00,100.77
"충청북도","12.3 기타 개인용품",77.746,81.732,85.884,92.299,94.370,96.310,97.397,99.472,100.00,99.51
"충청북도","12.4~7 기타서비스",87.207,82.495,82.648,83.214,90.233,94.309,94.082,96.537,100.00,103.98
"충청남도","0 총지수",93.753,94.867,95.309,95.515,96.171,98.036,99.437,99.343,100.00,102.77
"충청남도","01 식료품 및 비주류음료",85.239,85.244,85.290,87.572,89.391,92.343,94.806,95.195,100.00,105.79
"충청남도","01.1 식료품",84.781,84.635,84.641,86.972,88.901,92.076,94.607,94.893,100.00,106.14
"충청남도","01.2 비주류 음료",91.791,94.247,94.966,96.410,96.542,96.151,97.628,99.434,100.00,100.94
"충청남도","02 주류 및 담배",63.961,65.351,65.332,96.266,96.970,98.377,98.915,99.617,100.00,100.33
"충청남도","02.1 주류",84.318,89.025,89.224,89.698,91.692,95.667,97.105,98.976,100.00,100.86
"충청남도","02.2 담배",56.365,56.419,56.313,100.000,100.000,100.000,100.000,100.000,100.00,100.00
"충청남도","03 의류 및 신발",87.990,90.684,93.900,95.409,97.266,98.473,99.517,99.548,100.00,100.54
"충청남도","03.1 의류",87.908,91.196,94.576,95.973,97.702,99.002,99.867,99.723,100.00,100.40
"충청남도","03.2 신발",88.901,87.628,89.765,92.042,94.635,95.298,97.378,98.498,100.00,101.32
"충청남도","04 주택, 수도, 전기 및 연료",93.443,97.051,99.592,97.425,95.876,97.375,98.199,99.536,100.00,102.23
"충청남도","04.1 주택임차료",93.352,97.188,99.642,101.667,102.431,102.555,101.686,100.397,100.00,101.17
"충청남도","04.3 주거시설 유지 · 보수",81.765,83.873,83.248,85.737,88.028,89.735,96.278,99.252,100.00,107.48
"충청남도","04.4 수도 및 주거관련 서비스",62.381,65.640,68.004,71.692,77.694,83.715,89.702,94.985,100.00,105.51
"충청남도","04.5 전기, 가스 및 기타연료",121.971,125.830,129.226,115.303,103.143,102.726,100.491,102.077,100.00,100.50
"충청남도","05 가정용품 및 가사 서비스",89.817,90.192,90.969,94.014,95.097,96.084,97.455,99.676,100.00,101.67
"충청남도","05.1 가구, 가사비품 및 카페트",80.270,79.178,80.038,81.707,86.085,88.863,93.773,99.593,100.00,104.55
"충청남도","05.2 가정용 섬유제품",93.805,94.774,94.171,93.733,94.879,95.438,96.238,97.704,100.00,101.44
"충청남도","05.3 가정용 기기",93.234,93.733,96.153,99.158,100.723,100.649,101.082,101.534,100.00,99.89
"충청남도","05.4 주방용품 및 가정용품",90.901,92.213,93.955,96.723,96.147,97.147,97.855,98.132,100.00,100.58
"충청남도","05.5 가정 · 정원용 공구 및 장비",95.486,99.243,100.045,98.966,99.278,100.404,101.308,99.896,100.00,105.34
"충청남도","05.6 일상 생활용품 및 가사 서비스",91.375,91.817,90.181,96.810,94.624,95.332,95.105,98.211,100.00,101.96
"충청남도","06 보건",94.840,94.988,95.329,96.723,97.581,98.489,98.128,98.693,100.00,99.59
"충청남도","06.1 의료용품 및 장비",98.242,98.110,98.548,99.815,99.689,99.359,98.101,99.229,100.00,98.02
"충청남도","06.2 외래환자 서비스",91.817,91.753,91.949,93.438,94.859,96.621,97.350,97.951,100.00,101.55
"충청남도","06.3 병원 서비스",97.246,98.476,98.980,100.413,102.038,103.447,101.430,100.020,100.00,99.20
"충청남도","07 교통",113.133,112.855,111.394,101.486,98.270,101.650,104.142,101.784,100.00,107.32
"충청남도","07.1 운송장비",100.249,101.414,101.196,100.179,100.456,101.267,100.064,98.824,100.00,101.69
"충청남도","07.2 개인운송장비 운영",131.637,128.632,124.062,104.794,98.400,104.235,110.266,105.691,100.00,110.88
"충청남도","07.3 운송 서비스",83.707,88.485,93.548,93.875,94.351,94.625,94.990,96.816,100.00,103.52
"충청남도","08 통신",105.531,105.354,105.267,105.018,105.103,105.392,104.493,102.102,100.00,99.15
"충청남도","08.1 우편서비스",74.340,77.611,82.190,82.190,82.190,87.785,89.644,96.548,100.00,103.33
"충청남도","08.2 전화 및 팩스장비",109.117,105.711,102.276,96.926,97.199,98.760,99.769,99.113,100.00,92.71
"충청남도","08.3 전화 및 팩스 서비스",106.856,106.856,106.956,107.003,107.057,107.104,105.721,102.871,100.00,100.96
"충청남도","09 오락 및 문화",99.464,100.206,99.894,99.055,100.724,100.675,101.204,100.654,100.00,100.50
"충청남도","09.1 음향, 영상, 사진 및 정보처리 장비",130.894,126.705,119.302,114.008,114.291,112.264,106.589,102.804,100.00,98.63
"충청남도","09.2 기타 오락 및 문화용 주요 내구재",106.716,106.578,102.421,99.215,98.138,101.256,101.761,101.100,100.00,100.90
"충청남도","09.3 기타 오락용품, 조경용품 및 애완동물",91.090,92.117,93.168,95.142,98.091,97.960,98.350,97.605,100.00,100.04
"충청남도","09.4 오락 및 문화 서비스",92.693,93.422,94.040,94.300,95.856,96.400,98.312,99.291,100.00,101.36
"충청남도","09.5 신문, 서적 및 문방구",89.370,91.821,94.418,97.162,97.644,98.960,99.964,99.698,100.00,100.94
"충청남도","09.6 단체여행",108.845,111.976,111.770,105.224,107.858,106.194,106.954,105.194,100.00,101.46
"충청남도","10 교육",98.009,98.958,99.541,100.583,102.948,103.972,104.904,101.303,100.00,99.68
"충청남도","10.1 유치원 및 초등교육",212.172,159.025,151.259,158.183,162.119,165.462,164.666,138.651,100.00,77.75
"충청남도","10.3 고등교육",104.522,103.249,102.598,102.221,102.172,102.159,101.845,101.486,100.00,99.86
"충청남도","10.4 기타교육",86.623,89.557,90.702,92.009,94.881,96.087,97.474,99.177,100.00,100.13
"충청남도","11 음식 및 숙박",89.105,91.383,89.478,90.895,92.826,95.100,97.647,99.144,100.00,102.50
"충청남도","11.1 음식 서비스",89.387,91.690,89.591,91.017,92.976,95.279,97.826,99.342,100.00,102.60
"충청남도","11.2 숙박 서비스",81.788,83.218,87.863,89.002,90.191,91.668,94.140,95.397,100.00,99.80
"충청남도","12 기타 상품 및 서비스",86.163,85.760,88.130,89.998,93.145,95.978,97.140,98.125,100.00,102.16
"충청남도","12.1 미용용품 및 미용 서비스",89.996,91.233,94.731,96.269,96.658,96.356,97.821,98.540,100.00,101.76
"충청남도","12.3 기타 개인용품",78.090,81.904,86.272,92.326,94.268,96.269,97.393,99.491,100.00,99.59
"충청남도","12.4~7 기타서비스",85.752,80.973,80.770,81.528,88.393,95.271,95.992,96.986,100.00,103.29
"전라북도","0 총지수",93.051,94.173,95.233,95.205,95.718,97.492,99.158,99.467,100.00,102.59
"전라북도","01 식료품 및 비주류음료",84.277,85.735,85.581,87.181,89.285,91.519,94.697,95.165,100.00,105.66
"전라북도","01.1 식료품",83.991,85.384,85.164,86.744,88.954,91.313,94.583,94.970,100.00,106.03
"전라북도","01.2 비주류 음료",89.739,92.411,93.480,95.438,95.429,95.076,96.671,98.588,100.00,100.22
"전라북도","02 주류 및 담배",64.432,65.601,65.715,96.447,97.181,98.707,99.009,99.867,100.00,99.99
"전라북도","02.1 주류",85.504,89.376,90.023,90.681,92.552,96.472,97.295,99.640,100.00,99.97
"전라북도","02.2 담배",56.394,56.449,56.336,100.000,100.000,100.000,100.000,100.000,100.00,100.00
"전라북도","03 의류 및 신발",88.838,91.511,95.342,96.523,97.968,98.827,100.364,99.396,100.00,100.56
"전라북도","03.1 의류",88.672,91.877,95.879,97.244,98.497,99.383,100.827,99.536,100.00,100.43
"전라북도","03.2 신발",90.454,89.467,92.113,92.025,94.621,95.335,97.406,98.523,100.00,101.33
"전라북도","04 주택, 수도, 전기 및 연료",95.140,98.327,100.892,98.290,96.393,97.323,98.076,99.752,100.00,101.20
"전라북도","04.1 주택임차료",95.487,97.916,98.686,98.861,99.258,99.918,100.164,100.189,100.00,100.26
"전라북도","04.3 주거시설 유지 · 보수",79.210,81.668,83.426,85.717,87.514,89.060,94.462,97.569,100.00,108.28
"전라북도","04.4 수도 및 주거관련 서비스",67.248,70.303,74.098,78.787,84.331,87.881,91.867,96.015,100.00,103.72
"전라북도","04.5 전기, 가스 및 기타연료",120.760,125.071,128.841,115.675,103.748,102.632,100.717,102.393,100.00,99.41
"전라북도","05 가정용품 및 가사 서비스",89.989,89.500,92.103,94.931,96.173,97.322,98.843,100.434,100.00,101.80
"전라북도","05.1 가구, 가사비품 및 카페트",80.235,79.350,80.194,81.727,85.989,88.897,93.733,99.593,100.00,104.61
"전라북도","05.2 가정용 섬유제품",94.815,95.357,94.255,93.998,95.045,96.174,96.491,97.411,100.00,101.01
"전라북도","05.3 가정용 기기",92.685,92.730,95.206,99.462,100.823,100.480,100.993,101.552,100.00,99.86
"전라북도","05.4 주방용품 및 가정용품",89.195,89.793,91.673,96.332,96.845,96.575,97.874,98.731,100.00,100.32
"전라북도","05.5 가정 · 정원용 공구 및 장비",97.805,100.543,101.060,100.557,100.882,101.548,102.035,100.385,100.00,103.14
"전라북도","05.6 일상 생활용품 및 가사 서비스",90.341,87.699,94.113,97.058,96.055,98.500,99.833,101.028,100.00,103.30
"전라북도","06 보건",93.748,94.264,95.268,96.331,97.173,97.922,97.986,98.423,100.00,99.94
"전라북도","06.1 의료용품 및 장비",97.061,97.300,98.361,99.446,99.396,98.754,97.815,98.661,100.00,98.66
"전라북도","06.2 외래환자 서비스",90.228,90.063,91.090,92.355,93.954,95.863,97.311,97.884,100.00,101.42
"전라북도","06.3 병원 서비스",96.669,99.298,100.137,100.714,102.044,103.627,101.357,99.874,100.00,99.43
"전라북도","07 교통",116.766,115.808,113.541,101.989,98.225,102.744,106.079,103.096,100.00,106.78
"전라북도","07.1 운송장비",100.132,101.281,101.072,100.056,100.366,101.247,100.073,98.850,100.00,101.60
"전라북도","07.2 개인운송장비 운영",134.928,131.390,126.064,105.864,98.841,105.377,111.510,106.184,100.00,112.11
"전라북도","07.3 운송 서비스",82.428,86.426,90.642,91.222,91.263,95.980,96.468,98.870,100.00,104.88
"전라북도","08 통신",105.595,105.399,105.312,105.058,105.156,105.512,104.583,102.162,100.00,98.76
"전라북도","08.1 우편서비스",74.340,77.611,82.190,82.190,82.190,87.785,89.644,96.548,100.00,103.33
"전라북도","08.2 전화 및 팩스장비",109.329,105.788,102.267,96.926,97.199,98.760,99.769,99.113,100.00,92.71
"전라북도","08.3 전화 및 팩스 서비스",106.857,106.857,106.965,107.020,107.066,107.121,105.735,102.874,100.00,100.97
"전라북도","09 오락 및 문화",97.638,98.509,98.809,98.382,100.117,100.169,100.760,100.635,100.00,100.47
"전라북도","09.1 음향, 영상, 사진 및 정보처리 장비",136.124,128.753,118.611,112.554,113.430,111.889,106.342,102.529,100.00,98.59
"전라북도","09.2 기타 오락 및 문화용 주요 내구재",92.835,93.311,95.666,97.032,97.814,99.527,100.933,101.460,100.00,101.03
"전라북도","09.3 기타 오락용품, 조경용품 및 애완동물",90.419,91.638,93.275,94.634,97.467,97.364,97.960,96.807,100.00,99.71
"전라북도","09.4 오락 및 문화 서비스",89.294,90.611,92.173,93.333,94.881,95.557,97.321,99.007,100.00,101.21
"전라북도","09.5 신문, 서적 및 문방구",88.062,90.490,93.274,95.890,96.467,97.996,98.925,100.687,100.00,100.53
"전라북도","09.6 단체여행",108.610,111.838,111.679,105.214,107.836,106.189,106.949,105.190,100.00,101.55
"전라북도","10 교육",95.177,96.513,97.811,99.169,100.006,100.850,102.089,102.558,100.00,100.78
"전라북도","10.1 유치원 및 초등교육",154.875,106.785,101.434,105.703,105.839,105.403,108.477,109.209,100.01,87.13
"전라북도","10.3 고등교육",104.029,103.062,102.609,102.489,102.534,102.544,102.262,101.907,100.00,100.57
"전라북도","10.4 기타교육",86.869,90.010,91.921,93.596,94.800,96.043,97.787,99.374,100.00,101.34
"전라북도","11 음식 및 숙박",85.254,85.718,87.313,89.455,91.697,93.798,96.547,98.801,100.00,102.66
"전라북도","11.1 음식 서비스",85.357,85.778,87.343,89.486,91.752,93.865,96.640,98.949,100.00,102.71
"전라북도","11.2 숙박 서비스",81.529,83.848,86.613,88.816,90.252,92.040,93.955,94.775,100.00,101.17
"전라북도","12 기타 상품 및 서비스",84.810,85.576,87.770,89.771,92.957,96.067,96.531,98.221,100.00,102.06
"전라북도","12.1 미용용품 및 미용 서비스",91.634,93.865,96.401,97.627,97.715,97.882,97.956,99.057,100.00,100.87
"전라북도","12.3 기타 개인용품",77.876,81.121,85.198,91.844,94.062,96.170,97.294,99.436,100.00,99.60
"전라북도","12.4~7 기타서비스",79.989,77.148,78.049,79.562,86.588,93.372,94.228,96.667,100.00,103.86
"전라남도","0 총지수",92.434,93.687,94.627,94.595,95.486,97.508,98.971,99.300,100.00,102.62
"전라남도","01 식료품 및 비주류음료",83.926,85.092,85.319,86.014,88.984,91.819,94.128,95.060,100.00,105.06
"전라남도","01.1 식료품",83.437,84.551,84.737,85.396,88.488,91.525,93.958,94.800,100.00,105.30
"전라남도","01.2 비주류 음료",93.772,95.775,96.675,97.986,98.376,96.894,97.051,99.575,100.00,101.34
"전라남도","02 주류 및 담배",63.583,64.721,64.799,97.735,97.890,99.511,99.451,99.852,100.00,100.07
"전라남도","02.1 주류",87.944,92.530,93.217,93.107,93.590,98.639,98.461,99.585,100.00,100.19
"전라남도","02.2 담배",56.391,56.446,56.333,100.000,100.000,100.000,100.000,100.000,100.00,100.00
"전라남도","03 의류 및 신발",88.474,91.170,94.911,96.083,97.669,98.754,99.932,99.906,100.00,100.67
"전라남도","03.1 의류",88.223,91.577,95.434,96.678,98.099,99.260,100.309,100.118,100.00,100.56
"전라남도","03.2 신발",90.054,88.551,91.525,92.209,94.869,95.488,97.460,98.532,100.00,101.31
"전라남도","04 주택, 수도, 전기 및 연료",95.973,98.772,100.773,97.532,95.882,97.571,98.430,100.020,100.00,101.89
"전라남도","04.1 주택임차료",93.129,95.440,96.583,97.125,97.432,98.117,98.924,99.743,100.00,100.58
"전라남도","04.3 주거시설 유지 · 보수",79.923,82.215,83.929,86.481,88.356,92.740,95.373,98.276,100.00,105.70
"전라남도","04.4 수도 및 주거관련 서비스",67.908,71.050,73.663,78.305,85.994,91.500,94.413,96.578,100.00,103.99
"전라남도","04.5 전기, 가스 및 기타연료",123.438,126.582,129.046,114.071,103.225,102.297,101.378,102.955,100.00,100.54
"전라남도","05 가정용품 및 가사 서비스",89.603,90.051,91.265,93.067,94.780,96.388,97.843,99.702,100.00,101.73
"전라남도","05.1 가구, 가사비품 및 카페트",79.556,79.012,80.154,81.797,86.044,88.874,93.712,99.615,100.00,104.59
"전라남도","05.2 가정용 섬유제품",93.452,93.874,92.915,92.714,93.540,94.697,95.286,97.093,100.00,100.76
"전라남도","05.3 가정용 기기",92.634,93.825,96.445,99.404,100.892,100.596,100.984,101.537,100.00,99.76
"전라남도","05.4 주방용품 및 가정용품",91.261,92.807,93.665,97.479,97.785,97.794,98.390,97.937,100.00,99.61
"전라남도","05.5 가정 · 정원용 공구 및 장비",95.463,98.033,99.411,99.026,99.002,100.146,100.026,98.953,100.00,104.91
"전라남도","05.6 일상 생활용품 및 가사 서비스",92.014,90.819,90.689,91.199,91.096,94.784,96.433,99.150,100.00,103.33
"전라남도","06 보건",95.244,95.083,95.442,96.710,97.572,98.494,98.322,98.743,100.00,99.85
"전라남도","06.1 의료용품 및 장비",97.619,97.508,98.227,99.541,99.232,98.693,97.864,98.899,100.00,98.33
"전라남도","06.2 외래환자 서비스",93.367,92.463,92.253,93.478,94.752,96.139,97.445,98.136,100.00,101.51
"전라남도","06.3 병원 서비스",95.690,96.907,97.857,99.151,101.184,103.661,101.348,99.858,100.00,99.22
"전라남도","07 교통",113.250,113.320,111.697,101.042,97.414,101.967,104.356,102.024,100.00,107.46
"전라남도","07.1 운송장비",100.144,101.342,101.093,100.053,100.379,101.266,100.080,98.859,100.00,101.54
"전라남도","07.2 개인운송장비 운영",130.946,127.788,123.388,104.541,98.002,104.263,109.959,105.289,100.00,111.24
"전라남도","07.3 운송 서비스",80.556,87.848,91.956,91.818,91.330,96.348,95.919,98.470,100.00,104.73
"전라남도","08 통신",105.446,105.341,105.321,105.120,105.206,105.512,104.580,102.157,100.00,98.85
"전라남도","08.1 우편서비스",74.340,77.611,82.190,82.190,82.190,87.785,89.644,96.548,100.00,103.33
"전라남도","08.2 전화 및 팩스장비",109.892,106.789,103.209,96.926,97.199,98.760,99.769,99.113,100.00,92.71
"전라남도","08.3 전화 및 팩스 서비스",106.872,106.872,106.973,107.025,107.079,107.126,105.739,102.874,100.00,100.97
"전라남도","09 오락 및 문화",98.876,99.592,99.691,99.106,100.826,100.689,101.293,101.010,100.00,100.73
"전라남도","09.1 음향, 영상, 사진 및 정보처리 장비",142.458,137.169,127.672,121.100,119.499,114.649,107.918,103.472,100.00,98.54
"전라남도","09.2 기타 오락 및 문화용 주요 내구재",97.120,97.233,96.440,96.420,96.706,98.914,101.605,101.723,100.00,100.56
"전라남도","09.3 기타 오락용품, 조경용품 및 애완동물",89.142,90.307,92.445,93.805,96.948,97.267,97.881,97.374,100.00,100.03
"전라남도","09.4 오락 및 문화 서비스",90.093,91.038,92.324,93.199,94.722,95.752,97.539,98.967,100.00,101.62
"전라남도","09.5 신문, 서적 및 문방구",88.440,90.774,93.541,96.191,97.170,98.640,99.468,100.296,100.00,100.79
"전라남도","09.6 단체여행",108.825,111.967,111.765,105.232,107.860,106.203,106.962,105.204,100.00,101.51
"전라남도","10 교육",94.186,96.063,97.284,98.782,101.500,102.714,104.352,103.569,100.00,100.45
"전라남도","10.1 유치원 및 초등교육",183.056,129.098,125.549,131.367,133.425,136.497,140.458,139.492,100.00,65.97
"전라남도","10.3 고등교육",104.061,103.068,102.607,102.491,102.535,102.535,102.253,101.898,100.00,100.57
"전라남도","10.4 기타교육",82.716,86.212,87.944,89.788,93.529,95.187,97.436,99.391,100.00,101.30
"전라남도","11 음식 및 숙박",86.337,87.523,89.015,90.614,91.714,93.311,96.318,98.380,100.00,102.65
"전라남도","11.1 음식 서비스",86.637,87.776,89.202,90.779,91.862,93.434,96.519,98.676,100.00,102.72
"전라남도","11.2 숙박 서비스",80.318,82.711,85.860,88.105,89.553,91.650,93.592,94.441,100.00,100.69
"전라남도","12 기타 상품 및 서비스",82.720,84.540,86.715,88.532,92.364,96.364,96.757,98.014,100.00,101.89
"전라남도","12.1 미용용품 및 미용 서비스",88.799,92.007,94.820,96.143,97.038,98.339,98.212,98.743,100.00,100.89
"전라남도","12.3 기타 개인용품",77.535,81.639,85.996,92.564,94.532,96.615,97.740,99.822,100.00,99.64
"전라남도","12.4~7 기타서비스",78.715,77.074,77.366,78.629,86.142,93.570,94.422,96.392,100.00,103.59
"경상북도","0 총지수",93.713,94.798,95.758,95.795,96.452,98.240,99.703,99.875,100.00,102.74
"경상북도","01 식료품 및 비주류음료",85.700,86.389,87.151,88.501,90.577,93.257,96.456,96.089,100.00,105.65
"경상북도","01.1 식료품",85.436,85.921,86.693,87.978,90.182,93.018,96.325,95.829,100.00,105.94
"경상북도","01.2 비주류 음료",89.971,93.769,94.429,96.756,96.582,96.520,98.268,99.640,100.00,101.35
"경상북도","02 주류 및 담배",62.057,62.877,62.921,97.244,97.899,99.142,99.339,99.691,100.00,100.11
"경상북도","02.1 주류",84.943,88.617,89.222,89.984,92.418,97.049,97.718,98.941,100.00,100.31
"경상북도","02.2 담배",56.359,56.412,56.311,100.000,100.000,100.000,100.000,100.000,100.00,100.00
"경상북도","03 의류 및 신발",87.442,90.087,93.591,94.915,96.665,97.842,98.903,99.112,100.00,100.52
"경상북도","03.1 의류",86.978,90.199,94.028,95.412,97.029,98.282,99.164,99.222,100.00,100.39
"경상북도","03.2 신발",90.523,89.569,91.031,91.965,94.633,95.271,97.378,98.480,100.00,101.33
"경상북도","04 주택, 수도, 전기 및 연료",99.035,101.942,104.450,100.736,98.155,98.884,99.020,100.070,100.00,101.48
"경상북도","04.1 주택임차료",98.775,100.888,102.246,102.929,103.391,103.105,102.126,100.771,100.00,100.43
"경상북도","04.3 주거시설 유지 · 보수",81.234,85.616,87.335,86.770,87.370,90.227,94.633,97.607,100.00,103.86
"경상북도","04.4 수도 및 주거관련 서비스",71.210,74.357,77.832,81.659,85.819,89.229,91.570,95.235,100.00,104.51
"경상북도","04.5 전기, 가스 및 기타연료",122.187,125.254,128.507,114.680,102.837,102.230,101.214,102.952,100.00,100.35
"경상북도","05 가정용품 및 가사 서비스",89.643,90.115,92.036,93.864,95.497,96.513,98.688,100.143,100.00,101.95
"경상북도","05.1 가구, 가사비품 및 카페트",79.800,79.101,80.266,81.665,85.907,88.770,93.704,99.612,100.00,104.53
"경상북도","05.2 가정용 섬유제품",92.776,93.088,92.687,92.634,93.765,94.796,95.594,97.011,100.00,100.85
"경상북도","05.3 가정용 기기",90.971,91.930,95.468,98.532,100.217,100.365,100.999,101.504,100.00,99.92
"경상북도","05.4 주방용품 및 가정용품",88.922,90.581,92.122,96.542,97.088,98.040,98.965,99.180,100.00,100.74
"경상북도","05.5 가정 · 정원용 공구 및 장비",95.580,98.919,99.351,98.290,98.707,99.532,100.250,99.227,100.00,104.46
"경상북도","05.6 일상 생활용품 및 가사 서비스",98.675,97.652,98.706,98.526,97.459,97.538,100.952,100.447,100.00,103.20
"경상북도","06 보건",94.335,94.667,95.416,96.705,97.763,98.688,98.504,98.841,100.00,100.12
"경상북도","06.1 의료용품 및 장비",98.097,97.829,98.668,99.975,100.042,99.654,98.850,99.524,100.00,98.76
"경상북도","06.2 외래환자 서비스",91.402,91.503,91.970,93.213,94.789,96.473,97.392,97.973,100.00,101.78
"경상북도","06.3 병원 서비스",94.953,97.164,98.489,99.863,101.783,103.528,101.356,99.904,100.00,99.26
"경상북도","07 교통",118.073,116.722,114.068,102.216,99.052,103.125,106.295,103.289,100.00,108.42
"경상북도","07.1 운송장비",100.201,101.385,101.144,100.108,100.425,101.280,100.085,98.856,100.00,101.60
"경상북도","07.2 개인운송장비 운영",134.743,131.089,126.337,106.235,99.138,105.732,111.453,106.260,100.00,112.35
"경상북도","07.3 운송 서비스",85.861,88.509,89.397,89.767,96.062,96.198,96.934,99.328,100.00,103.16
"경상북도","08 통신",105.464,105.320,105.260,105.065,105.154,105.476,104.558,102.146,100.00,99.26
"경상북도","08.1 우편서비스",74.340,77.611,82.190,82.190,82.190,87.785,89.644,96.548,100.00,103.33
"경상북도","08.2 전화 및 팩스장비",109.204,105.771,102.268,96.926,97.199,98.760,99.769,99.113,100.00,92.71
"경상북도","08.3 전화 및 팩스 서비스",106.872,106.872,106.973,107.019,107.073,107.120,105.736,102.875,100.00,100.97
"경상북도","09 오락 및 문화",96.485,97.388,98.125,98.277,100.240,100.346,100.858,100.939,100.00,100.48
"경상북도","09.1 음향, 영상, 사진 및 정보처리 장비",137.270,131.782,121.801,114.841,115.288,113.118,107.072,103.100,100.00,98.58
"경상북도","09.2 기타 오락 및 문화용 주요 내구재",102.151,101.909,99.318,98.777,98.413,101.296,102.687,102.163,100.00,100.68
"경상북도","09.3 기타 오락용품, 조경용품 및 애완동물",90.598,91.711,92.964,94.939,98.124,98.104,98.463,97.847,100.00,99.75
"경상북도","09.4 오락 및 문화 서비스",88.050,88.767,90.872,92.184,94.238,95.114,97.109,99.172,100.00,101.27
"경상북도","09.5 신문, 서적 및 문방구",87.845,90.338,92.965,95.924,96.488,97.810,98.683,100.481,100.00,100.66
"경상북도","09.6 단체여행",109.447,112.318,111.994,105.246,107.879,106.216,106.978,105.217,100.00,101.56
"경상북도","10 교육",93.087,94.267,95.103,96.761,98.627,99.959,101.401,102.618,100.00,100.09
"경상북도","10.1 유치원 및 초등교육",163.621,112.990,106.792,109.958,112.211,113.486,109.436,107.593,100.00,83.61
"경상북도","10.3 고등교육",103.677,102.641,102.314,102.241,102.182,102.159,101.841,101.503,100.00,99.99
"경상북도","10.4 기타교육",83.318,87.285,88.779,90.930,93.254,94.917,97.040,99.486,100.00,100.72
"경상북도","11 음식 및 숙박",86.614,88.678,89.743,91.441,93.274,95.135,97.236,99.362,100.00,102.92
"경상북도","11.1 음식 서비스",86.748,88.830,89.897,91.571,93.422,95.283,97.390,99.621,100.00,102.98
"경상북도","11.2 숙박 서비스",84.548,86.141,87.103,89.710,91.075,92.944,94.930,95.507,100.00,101.43
"경상북도","12 기타 상품 및 서비스",86.306,87.245,89.579,91.684,94.825,97.825,97.978,98.963,100.00,101.52
"경상북도","12.1 미용용품 및 미용 서비스",92.267,94.512,97.346,98.828,99.406,99.504,99.325,100.291,100.00,100.29
"경상북도","12.3 기타 개인용품",77.130,81.452,85.823,92.244,94.263,96.160,97.401,99.507,100.00,99.39
"경상북도","12.4~7 기타서비스",82.385,79.649,80.346,81.935,88.651,95.649,95.922,96.481,100.00,103.54
"경상남도","0 총지수",92.520,93.723,94.997,95.521,96.405,97.952,99.304,99.385,100.00,102.53
"경상남도","01 식료품 및 비주류음료",86.286,86.838,87.422,88.329,90.232,92.400,95.453,95.736,100.00,105.15
"경상남도","01.1 식료품",85.956,86.404,86.943,87.811,89.807,92.108,95.257,95.485,100.00,105.39
"경상남도","01.2 비주류 음료",91.994,94.059,95.332,96.796,97.179,97.161,98.638,99.826,100.00,101.54
"경상남도","02 주류 및 담배",63.160,64.234,64.142,97.000,97.672,98.973,99.206,99.497,100.00,100.27
"경상남도","02.1 주류",84.887,89.085,89.046,89.636,92.048,96.734,97.474,98.397,100.00,100.76
"경상남도","02.2 담배",56.397,56.452,56.343,100.000,100.000,100.000,100.000,100.000,100.00,100.00
"경상남도","03 의류 및 신발",88.202,91.031,94.782,95.939,97.731,98.781,99.819,99.455,100.00,100.50
"경상남도","03.1 의류",87.968,91.387,95.322,96.595,98.242,99.354,100.221,99.616,100.00,100.36
"경상남도","03.2 신발",90.279,89.129,91.653,92.017,94.702,95.360,97.408,98.519,100.00,101.30
"경상남도","04 주택, 수도, 전기 및 연료",97.000,99.942,102.868,100.611,99.257,100.008,99.787,100.412,100.00,101.34
"경상남도","04.1 주택임차료",99.341,101.756,103.188,103.852,104.251,104.515,103.154,101.233,100.00,100.42
"경상남도","04.3 주거시설 유지 · 보수",78.889,81.481,84.518,87.410,90.475,92.267,95.767,98.725,100.00,105.08
"경상남도","04.4 수도 및 주거관련 서비스",69.978,72.890,78.304,81.940,86.814,90.274,93.426,97.364,100.00,102.27
"경상남도","04.5 전기, 가스 및 기타연료",121.692,125.589,128.772,115.709,104.304,102.997,100.729,102.124,100.00,100.07
"경상남도","05 가정용품 및 가사 서비스",89.370,89.434,91.573,93.691,94.962,95.877,97.901,100.011,100.00,102.21
"경상남도","05.1 가구, 가사비품 및 카페트",80.000,79.075,79.844,81.726,86.012,88.861,93.792,99.593,100.00,104.63
"경상남도","05.2 가정용 섬유제품",93.660,93.814,93.099,92.424,93.336,94.377,95.212,97.044,100.00,100.93
"경상남도","05.3 가정용 기기",91.513,92.304,95.765,98.801,100.333,100.269,100.946,101.559,100.00,100.00
"경상남도","05.4 주방용품 및 가정용품",88.682,89.518,92.088,97.187,97.111,97.123,99.127,99.230,100.00,100.18
"경상남도","05.5 가정 · 정원용 공구 및 장비",95.996,99.630,100.411,99.366,99.045,100.167,101.025,99.960,100.00,104.59
"경상남도","05.6 일상 생활용품 및 가사 서비스",94.036,92.213,94.772,95.517,95.140,96.459,97.921,99.790,100.00,103.75
"경상남도","06 보건",94.274,95.042,95.893,97.092,98.038,98.884,98.535,98.679,100.00,100.02
"경상남도","06.1 의료용품 및 장비",98.153,98.680,99.359,100.659,100.419,99.639,98.405,98.924,100.00,98.88
"경상남도","06.2 외래환자 서비스",91.306,91.685,92.118,93.403,95.047,96.697,97.666,98.036,100.00,101.48
"경상남도","06.3 병원 서비스",94.236,96.402,98.623,99.395,101.021,103.243,101.316,99.904,100.00,99.29
"경상남도","07 교통",113.782,113.142,110.934,100.289,97.770,101.049,104.091,101.669,100.00,107.25
"경상남도","07.1 운송장비",100.182,101.369,101.177,100.141,100.404,101.273,100.098,98.848,100.00,101.65
"경상남도","07.2 개인운송장비 운영",133.801,129.958,125.417,105.321,99.056,104.896,110.351,105.750,100.00,111.68
"경상남도","07.3 운송 서비스",79.087,84.260,85.524,87.364,90.370,90.737,91.450,93.643,100.00,101.46
"경상남도","08 통신",104.969,104.919,104.927,104.826,104.921,105.254,104.395,102.041,100.00,98.77
"경상남도","08.1 우편서비스",74.340,77.611,82.190,82.190,82.190,87.785,89.644,96.548,100.00,103.33
"경상남도","08.2 전화 및 팩스장비",107.604,105.473,102.266,96.926,97.199,98.760,99.769,99.113,100.00,92.71
"경상남도","08.3 전화 및 팩스 서비스",106.893,106.893,106.977,107.015,107.070,107.116,105.733,102.872,100.00,100.97
"경상남도","09 오락 및 문화",96.061,97.176,98.013,97.792,99.539,99.875,100.427,100.517,100.00,100.63
"경상남도","09.1 음향, 영상, 사진 및 정보처리 장비",130.271,126.135,119.838,117.192,116.975,114.204,107.513,103.060,100.00,98.57
"경상남도","09.2 기타 오락 및 문화용 주요 내구재",105.579,106.150,103.938,101.918,101.473,101.239,103.545,102.393,100.00,101.08
"경상남도","09.3 기타 오락용품, 조경용품 및 애완동물",90.159,91.381,93.341,93.768,97.187,97.487,97.704,97.431,100.00,100.24
"경상남도","09.4 오락 및 문화 서비스",89.454,90.431,92.486,93.277,94.835,96.005,97.735,99.067,100.00,101.23
"경상남도","09.5 신문, 서적 및 문방구",88.009,90.461,92.597,95.697,96.195,97.623,98.586,100.318,100.00,100.62
"경상남도","09.6 단체여행",108.883,112.004,111.790,105.234,107.862,106.204,106.964,105.206,100.00,101.58
"경상남도","10 교육",94.732,95.545,97.346,98.972,100.219,100.984,102.307,102.593,100.00,100.76
"경상남도","10.1 유치원 및 초등교육",142.613,103.442,100.433,107.549,110.359,111.589,113.043,112.897,100.00,88.19
"경상남도","10.3 고등교육",103.005,102.030,101.850,101.819,101.827,101.829,101.532,101.351,100.00,100.14
"경상남도","10.4 기타교육",86.133,89.304,91.770,93.491,94.987,95.921,97.741,98.918,100.00,101.45
"경상남도","11 음식 및 숙박",84.105,86.349,88.148,91.952,94.577,96.424,98.140,98.763,100.00,102.87
"경상남도","11.1 음식 서비스",84.164,86.411,88.223,92.087,94.739,96.591,98.290,98.913,100.00,102.95
"경상남도","11.2 숙박 서비스",84.296,86.473,87.750,89.453,90.821,92.547,94.608,95.272,100.00,100.67
"경상남도","12 기타 상품 및 서비스",83.525,84.193,86.298,88.609,91.679,94.456,96.076,97.689,100.00,101.91
"경상남도","12.1 미용용품 및 미용 서비스",86.895,89.386,91.691,93.031,93.483,93.757,95.598,97.305,100.00,100.86
"경상남도","12.3 기타 개인용품",78.016,82.002,86.107,92.494,94.271,96.276,97.514,99.611,100.00,99.40
"경상남도","12.4~7 기타서비스",82.920,77.286,77.912,80.460,87.996,94.871,96.302,97.619,100.00,103.87
"제주특별자치도","0 총지수",91.257,92.519,93.550,94.149,95.366,97.553,99.252,99.574,100.00,102.63
"제주특별자치도","01 식료품 및 비주류음료",83.403,84.917,85.686,87.849,89.968,92.290,95.928,96.679,100.00,105.99
"제주특별자치도","01.1 식료품",82.725,84.197,84.973,87.149,89.447,91.987,95.777,96.446,100.00,106.44
"제주특별자치도","01.2 비주류 음료",93.580,95.668,96.389,98.376,97.695,96.665,98.124,100.069,100.00,99.98
"제주특별자치도","02 주류 및 담배",64.276,65.122,65.079,97.366,97.728,98.892,99.160,99.804,100.00,99.95
"제주특별자치도","02.1 주류",88.074,91.209,91.345,91.662,92.821,96.551,97.390,99.392,100.00,99.83
"제주특별자치도","02.2 담배",56.356,56.409,56.307,100.000,100.000,100.000,100.000,100.000,100.00,100.00
"제주특별자치도","03 의류 및 신발",88.287,90.722,94.453,95.795,97.835,98.942,100.081,100.208,100.00,100.46
"제주특별자치도","03.1 의류",87.981,91.166,95.103,96.503,98.392,99.584,100.551,100.508,100.00,100.32
"제주특별자치도","03.2 신발",89.602,88.173,90.843,91.880,94.640,95.346,97.427,98.536,100.00,101.22
"제주특별자치도","04 주택, 수도, 전기 및 연료",93.242,95.830,97.084,95.056,95.169,97.908,100.183,100.772,100.00,102.02
"제주특별자치도","04.1 주택임차료",89.911,92.859,94.248,95.558,97.910,100.147,100.625,100.387,100.00,100.01
"제주특별자치도","04.3 주거시설 유지 · 보수",78.040,81.451,82.422,87.730,90.624,94.200,98.058,99.636,100.00,100.85
"제주특별자치도","04.4 수도 및 주거관련 서비스",65.109,70.334,72.429,76.908,80.421,84.120,89.836,95.064,100.00,101.79
"제주특별자치도","04.5 전기, 가스 및 기타연료",119.666,119.855,120.568,106.219,99.126,102.048,105.315,104.714,100.00,108.99
"제주특별자치도","05 가정용품 및 가사 서비스",88.607,88.956,90.818,93.361,94.535,95.876,97.699,99.922,100.00,102.33
"제주특별자치도","05.1 가구, 가사비품 및 카페트",80.426,79.301,80.192,81.797,86.042,88.832,93.755,99.635,100.00,104.53
"제주특별자치도","05.2 가정용 섬유제품",93.515,93.972,92.971,92.899,93.859,94.979,95.820,97.723,100.00,101.79
"제주특별자치도","05.3 가정용 기기",91.910,93.571,96.984,100.164,101.331,100.774,101.038,101.522,100.00,99.97
"제주특별자치도","05.4 주방용품 및 가정용품",90.160,91.610,92.049,96.825,96.866,98.504,100.270,99.902,100.00,102.20
"제주특별자치도","05.5 가정 · 정원용 공구 및 장비",98.184,99.550,100.316,100.446,100.668,101.333,101.934,100.639,100.00,105.05
"제주특별자치도","05.6 일상 생활용품 및 가사 서비스",90.106,88.903,91.026,94.235,93.557,95.275,96.081,98.498,100.00,103.68
"제주특별자치도","06 보건",93.685,94.263,94.999,96.125,97.228,97.947,97.861,98.225,100.00,100.40
"제주특별자치도","06.1 의료용품 및 장비",94.288,95.445,97.036,98.264,98.490,98.118,97.201,98.061,100.00,99.59
"제주특별자치도","06.2 외래환자 서비스",91.976,91.756,91.814,92.918,94.566,95.927,97.437,97.868,100.00,101.52
"제주특별자치도","06.3 병원 서비스",97.070,98.842,99.765,100.707,102.238,103.600,101.161,99.821,100.00,99.19
"제주특별자치도","07 교통",110.156,110.094,108.837,100.508,97.837,101.952,103.452,101.981,100.00,105.77
"제주특별자치도","07.1 운송장비",100.282,101.471,101.225,100.183,100.534,101.345,100.126,98.850,100.00,101.57
"제주특별자치도","07.2 개인운송장비 운영",128.179,125.948,121.075,103.396,97.599,104.963,109.200,106.474,100.00,110.41
"제주특별자치도","07.3 운송 서비스",85.791,88.438,92.756,94.494,94.038,96.067,97.675,98.812,100.00,101.08
"제주특별자치도","08 통신",105.857,105.558,105.333,104.905,105.000,105.350,104.454,102.095,100.00,98.76
"제주특별자치도","08.1 우편서비스",74.340,77.611,82.190,82.190,82.190,87.785,89.644,96.548,100.00,103.33
"제주특별자치도","08.2 전화 및 팩스장비",109.367,105.806,102.275,96.926,97.199,98.760,99.769,99.113,100.00,92.71
"제주특별자치도","08.3 전화 및 팩스 서비스",106.879,106.879,106.964,107.002,107.056,107.103,105.720,102.870,100.00,100.96
"제주특별자치도","09 오락 및 문화",97.406,98.073,98.323,97.931,100.073,100.378,100.860,100.324,100.00,100.41
"제주특별자치도","09.1 음향, 영상, 사진 및 정보처리 장비",132.347,128.485,121.834,116.751,116.669,114.073,107.492,103.116,100.00,98.53
"제주특별자치도","09.2 기타 오락 및 문화용 주요 내구재",100.072,100.299,101.846,101.213,101.006,101.112,102.410,101.620,100.00,100.72
"제주특별자치도","09.3 기타 오락용품, 조경용품 및 애완동물",91.825,92.464,93.469,95.383,98.733,98.433,98.923,97.403,100.00,99.17
"제주특별자치도","09.4 오락 및 문화 서비스",88.785,89.593,91.005,91.729,94.085,95.644,97.477,98.480,100.00,101.34
"제주특별자치도","09.5 신문, 서적 및 문방구",87.863,90.239,92.772,95.750,96.422,97.646,99.065,99.848,100.00,101.09
"제주특별자치도","09.6 단체여행",110.038,112.624,112.173,105.211,107.835,106.183,106.942,105.183,100.00,101.52
"제주특별자치도","10 교육",91.166,94.213,95.332,95.908,96.776,97.282,98.440,100.184,100.00,99.36
"제주특별자치도","10.1 유치원 및 초등교육",125.256,98.323,95.194,102.652,107.572,111.800,118.084,121.098,100.00,67.69
"제주특별자치도","10.3 고등교육",101.634,102.098,101.951,101.163,102.291,102.356,100.847,100.357,100.00,98.16
"제주특별자치도","10.4 기타교육",86.998,91.786,93.419,94.170,95.025,95.647,97.534,99.919,100.00,99.93
"제주특별자치도","11 음식 및 숙박",83.913,85.429,87.547,89.377,92.571,95.519,97.761,98.832,100.00,102.96
"제주특별자치도","11.1 음식 서비스",83.968,85.443,87.585,89.425,92.643,95.585,97.823,98.896,100.00,103.04
"제주특별자치도","11.2 숙박 서비스",80.889,84.886,85.481,86.914,89.119,92.383,94.836,95.698,100.00,99.78
"제주특별자치도","12 기타 상품 및 서비스",84.195,83.635,85.768,88.680,92.122,96.035,97.126,98.123,100.00,102.54
"제주특별자치도","12.1 미용용품 및 미용 서비스",86.333,87.464,90.376,93.766,94.876,96.520,97.942,98.896,100.00,101.83
"제주특별자치도","12.3 기타 개인용품",78.270,82.249,86.520,92.160,94.248,96.296,97.403,99.474,100.00,99.57
"제주특별자치도","12.4~7 기타서비스",85.904,80.277,80.156,81.264,87.938,95.140,95.673,96.416,100.00,103.84
